#
# There is insufficient memory for the Java Runtime Environment to continue.
# Native memory allocation (mmap) failed to map 334495744 bytes for G1 virtual space
# Possible reasons:
#   The system is out of physical RAM or swap space
#   The process is running with CompressedOops enabled, and the Java Heap may be blocking the growth of the native heap
# Possible solutions:
#   Reduce memory load on the system
#   Increase physical memory or swap space
#   Check if swap backing store is full
#   Decrease Java heap size (-Xmx/-Xms)
#   Decrease number of Java threads
#   Decrease Java thread stack sizes (-Xss)
#   Set larger code cache with -XX:ReservedCodeCacheSize=
#   JVM is running with Unscaled Compressed Oops mode in which the Java heap is
#     placed in the first 4GB address space. The Java Heap base address is the
#     maximum limit for the native heap growth. Please use -XX:HeapBaseMinAddress
#     to set the Java Heap base and to place the Java Heap above 4GB virtual address.
# This output file may be truncated or incomplete.
#
#  Out of Memory Error (os_windows.cpp:3551), pid=4896, tid=5784
#
# JRE version: Java(TM) SE Runtime Environment (17.0.14+8) (build 17.0.14+8-LTS-191)
# Java VM: Java HotSpot(TM) 64-Bit Server VM (17.0.14+8-LTS-191, mixed mode, sharing, tiered, compressed oops, compressed class ptrs, g1 gc, windows-amd64)
# No core dump will be written. Minidumps are not enabled by default on client versions of Windows
#

---------------  S U M M A R Y ------------

Command Line: --add-opens=java.base/java.lang=ALL-UNNAMED --add-opens=java.base/java.lang.invoke=ALL-UNNAMED --add-opens=java.base/java.util=ALL-UNNAMED --add-opens=java.prefs/java.util.prefs=ALL-UNNAMED --add-exports=jdk.compiler/com.sun.tools.javac.api=ALL-UNNAMED --add-exports=jdk.compiler/com.sun.tools.javac.util=ALL-UNNAMED --add-opens=java.base/java.util=ALL-UNNAMED --add-opens=java.prefs/java.util.prefs=ALL-UNNAMED --add-opens=java.base/java.nio.charset=ALL-UNNAMED --add-opens=java.base/java.net=ALL-UNNAMED --add-opens=java.base/java.util.concurrent.atomic=ALL-UNNAMED --add-opens=java.xml/javax.xml.namespace=ALL-UNNAMED -XX:MaxMetaspaceSize=512m -Xmx2048m -Dfile.encoding=windows-1252 -Duser.country=US -Duser.language=en -Duser.variant -javaagent:C:\Users\Administrator\.gradle\wrapper\dists\gradle-8.13-bin\5xuhj0ry160q40clulazy9h7d\gradle-8.13\lib\agents\gradle-instrumentation-agent-8.13.jar org.gradle.launcher.daemon.bootstrap.GradleDaemon 8.13

Host: AMD Ryzen 7 5800H with Radeon Graphics         , 16 cores, 15G,  Windows 11 , 64 bit Build 26100 (10.0.26100.1301)
Time: Sun Jul  6 17:11:55 2025 E. South America Standard Time elapsed time: 83.603577 seconds (0d 0h 1m 23s)

---------------  T H R E A D  ---------------

Current thread (0x000002ccf66ba8c0):  VMThread "VM Thread" [stack: 0x000000f558e00000,0x000000f558f00000] [id=5784]

Stack: [0x000000f558e00000,0x000000f558f00000]
Native frames: (J=compiled Java code, j=interpreted, Vv=VM code, C=native code)
V  [jvm.dll+0x67a38a]
V  [jvm.dll+0x7da7ed]
V  [jvm.dll+0x7dc133]
V  [jvm.dll+0x7dc7a3]
V  [jvm.dll+0x24517f]
V  [jvm.dll+0x6773b9]
V  [jvm.dll+0x66c062]
V  [jvm.dll+0x302096]
V  [jvm.dll+0x309636]
V  [jvm.dll+0x359f8e]
V  [jvm.dll+0x35a1bf]
V  [jvm.dll+0x2d9168]
V  [jvm.dll+0x2dc1d6]
V  [jvm.dll+0x2e68db]
V  [jvm.dll+0x31a960]
V  [jvm.dll+0x7e109b]
V  [jvm.dll+0x7e1dd4]
V  [jvm.dll+0x7e22ed]
V  [jvm.dll+0x7e26c4]
V  [jvm.dll+0x7e2790]
V  [jvm.dll+0x78b04a]
V  [jvm.dll+0x679275]
C  [ucrtbase.dll+0x14ea0]
C  [KERNEL32.DLL+0x2dbe7]
C  [ntdll.dll+0xda94c]

VM_Operation (0x000000f558aff790): G1Concurrent, mode: safepoint, requested by thread 0x000002ccd592f2a0


---------------  P R O C E S S  ---------------

Threads class SMR info:
_java_thread_list=0x000002ccaac64d70, length=323, elements={
0x000002ccd58c5c70, 0x000002ccf66c5f20, 0x000002ccf66c6600, 0x000002ccf66de390,
0x000002ccf66de870, 0x000002ccf66ded50, 0x000002ccf66e5250, 0x000002ccf66e7a70,
0x000002ccf66f34a0, 0x000002ccf66f39c0, 0x000002ccf67ebbe0, 0x000002ccf6962790,
0x000002ccfc13d1c0, 0x000002ccfd4266e0, 0x000002ccfd281340, 0x000002ccfd280920,
0x000002ccfd27ff00, 0x000002ccfd282c90, 0x000002ccfd27f9f0, 0x000002ccfd280410,
0x000002ccfd280e30, 0x000002ccfd282270, 0x000002ccfd2831a0, 0x000002ccfd281850,
0x000002ccfd281d60, 0x000002ccff3fe6d0, 0x000002ccff3fd290, 0x000002ccff3fd7a0,
0x000002ccff3fc360, 0x000002ccff3fc870, 0x000002ccff3fe1c0, 0x000002ccff3fbe50,
0x000002ccff3fb430, 0x000002ccff3ff0f0, 0x000002ccff3fb940, 0x000002ccff401e80,
0x000002ccff401460, 0x000002ccff402390, 0x000002ccff3ffb10, 0x000002ccff3ff600,
0x000002ccff400530, 0x000002ccff400020, 0x000002ccff400a40, 0x000002ccff401970,
0x000002cc9bb76f80, 0x000002cc9bb76560, 0x000002cc9bb779a0, 0x000002cc9bb75b40,
0x000002cc9bb76050, 0x000002cc9bb76a70, 0x000002cc9bb75630, 0x000002cc9bb79800,
0x000002cc9bb788d0, 0x000002cc9bb783c0, 0x000002cc9bb7ac40, 0x000002cc9bb7b150,
0x000002cc9bb77eb0, 0x000002cc9bb7b660, 0x000002cc9bb7bb70, 0x000002cc9bb7c080,
0x000002cc9bb78de0, 0x000002cc9bb7c590, 0x000002cc9bb7caa0, 0x000002cc9bb792f0,
0x000002cc9bb7cfb0, 0x000002cc9bb79d10, 0x000002cc9bb7a220, 0x000002cc9bb7a730,
0x000002cc9b7ac6a0, 0x000002cc9b7acbb0, 0x000002cc9b7adae0, 0x000002cc9b7ad0c0,
0x000002cc9b7ad5d0, 0x000002cc9b7adff0, 0x000002cc9b7ab260, 0x000002cc9b7ac190,
0x000002cc9b7aad50, 0x000002cc9b7ab770, 0x000002cc9b7aa840, 0x000002cc9b7ae500,
0x000002cc9b7aea10, 0x000002cc9b7aef20, 0x000002cc9b7af430, 0x000002cc9b7abc80,
0x000002cc9b7b0d80, 0x000002cc9b7b1290, 0x000002cc9b7afe50, 0x000002cc9b7af940,
0x000002cc9b7b1cb0, 0x000002cc9b7b0360, 0x000002cc9b7b0870, 0x000002cc9b7b21c0,
0x000002cc9c10ba50, 0x000002cc9c10c980, 0x000002cc9c10bf60, 0x000002cc9c10ce90,
0x000002cc9c10d3a0, 0x000002cc9c10a610, 0x000002cc9c109bf0, 0x000002cc9c10d8b0,
0x000002cc9c10ddc0, 0x000002cc9c10e2d0, 0x000002cc9c10ab20, 0x000002cc9c10e7e0,
0x000002cc9c10b030, 0x000002cc9c110640, 0x000002cc9c10ecf0, 0x000002cc9c110b50,
0x000002cc9c10f200, 0x000002cc9c10f710, 0x000002cc9c10fc20, 0x000002cc9c111060,
0x000002cc9c111570, 0x000002cc9c110130, 0x000002ccff71c620, 0x000002ccff71e990,
0x000002ccff71d040, 0x000002ccff7202e0, 0x000002ccff71f3b0, 0x000002ccff71da60,
0x000002ccff71e480, 0x000002ccff71f8c0, 0x000002ccff71d550, 0x000002ccff71fdd0,
0x000002ccff71df70, 0x000002ccff71cb30, 0x000002ccff7207f0, 0x000002ccff720d00,
0x000002ccff722650, 0x000002ccff721210, 0x000002ccff71eea0, 0x000002ccff722b60,
0x000002ccff721c30, 0x000002ccff723a90, 0x000002ccff723070, 0x000002ccff721720,
0x000002ccff722140, 0x000002ccff723580, 0x000002ccfe4ddb10, 0x000002ccfe4de020,
0x000002ccfe4dd0f0, 0x000002ccfe4dea40, 0x000002ccfe4db7a0, 0x000002ccfe4df460,
0x000002ccfe4dc6d0, 0x000002ccfe4de530, 0x000002ccfe4def50, 0x000002ccfe4df970,
0x000002ccfe4dbcb0, 0x000002ccfe4dc1c0, 0x000002ccfe4dfe80, 0x000002ccfe4dcbe0,
0x000002ccfe4e1ce0, 0x000002ccfe4e17d0, 0x000002ccfe4e0390, 0x000002ccfe4e08a0,
0x000002ccfe4e12c0, 0x000002ccfe4e0db0, 0x000002ccfe4e21f0, 0x000002ccfe4e2700,
0x000002cc9c6e8810, 0x000002cc9c6e8d20, 0x000002cc9c6e5a80, 0x000002cc9c6e5f90,
0x000002cc9c6e9740, 0x000002cc9c6e9c50, 0x000002cc9c6e6ec0, 0x000002cc9c6e64a0,
0x000002cc9c6e69b0, 0x000002cc9c6ea670, 0x000002cc9c6ea160, 0x000002cc9c6e7df0,
0x000002cc9c6e73d0, 0x000002cc9c6e8300, 0x000002cc9c6eab80, 0x000002cc9c6eb090,
0x000002cc9c6e78e0, 0x000002cc9c6ecef0, 0x000002cc9c6eb5a0, 0x000002cc9c6ec9e0,
0x000002cc9c6ebab0, 0x000002cc9c6ebfc0, 0x000002cc9c6ed400, 0x000002cc9c6ec4d0,
0x000002cc9b90a550, 0x000002cc9b90cdd0, 0x000002cc9b90af70, 0x000002cc9b90d2e0,
0x000002cc9b90d7f0, 0x000002cc9b90b480, 0x000002cc9b90bea0, 0x000002cc9b90dd00,
0x000002cc9b90c3b0, 0x000002cc9b90e210, 0x000002cc9b90aa60, 0x000002cc9b90e720,
0x000002cc9b90ec30, 0x000002cc9b90f140, 0x000002cc9b90b990, 0x000002cc9b90f650,
0x000002cc9b90fb60, 0x000002cc9b910070, 0x000002cc9b90c8c0, 0x000002cc9b910580,
0x000002cc9b910a90, 0x000002cc9b910fa0, 0x000002cc9b9114b0, 0x000002cc9b9119c0,
0x000002cc9b911ed0, 0x000002cc9ba1b350, 0x000002cc9ba1a420, 0x000002cc9ba1c280,
0x000002cc9ba1bd70, 0x000002cc9ba1dbd0, 0x000002cc9ba1e0e0, 0x000002cc9ba1d1b0,
0x000002cc9ba1c790, 0x000002cc9ba1a930, 0x000002cc9ba1cca0, 0x000002cc9ba1d6c0,
0x000002cc9ba1e5f0, 0x000002cc9ba1ae40, 0x000002cc9ba1b860, 0x000002cc9ba20960,
0x000002cc9ba20e70, 0x000002cc9ba1fa30, 0x000002cc9ba21380, 0x000002cc9ba21890,
0x000002cc9ba21da0, 0x000002cc9ba1eb00, 0x000002cc9ba222b0, 0x000002cc9ba231e0,
0x000002cc9ba25f70, 0x000002cc9ba24b30, 0x000002cc9ba25a60, 0x000002cc9ba24620,
0x000002cc9ba236f0, 0x000002cc9ba23c00, 0x000002cc9ba278c0, 0x000002cca4f2c9c0,
0x000002cca4f2f240, 0x000002cca4f2e310, 0x000002cca4f2c4b0, 0x000002cca4f2e820,
0x000002cca4f2ed30, 0x000002cca4f30170, 0x000002cca4f30680, 0x000002cca4f30b90,
0x000002cca4f2d8f0, 0x000002cca4f38f30, 0x000002cca4f38000, 0x000002cca4f3b2a0,
0x000002cca4f37af0, 0x000002cca4f3b7b0, 0x000002ccff3fdcb0, 0x000002cc9ba1ff40,
0x000002cc9ba227c0, 0x000002cca4377dc0, 0x000002cca437a640, 0x000002cca43782d0,
0x000002cca437a130, 0x000002cca437b570, 0x000002cca6457060, 0x000002cca43787e0,
0x000002cca437bf90, 0x000002cca4379200, 0x000002cca437f740, 0x000002cca437ed20,
0x000002cca437d8e0, 0x000002cca4380b80, 0x000002cca437f230, 0x000002cca437c9b0,
0x000002cca646c8d0, 0x000002cca646ce20, 0x000002cca9d06b00, 0x000002cca6e6d5b0,
0x000002ccfdd69290, 0x000002ccfdd682a0, 0x000002cca4383910, 0x000002cca4382ef0,
0x000002cca4383400, 0x000002cca4385260, 0x000002cca43829e0, 0x000002cca4384330,
0x000002cca4384d50, 0x000002cca4385c80, 0x000002cca4385770, 0x000002cca4383e20,
0x000002cca43824d0, 0x000002cca4386190, 0x000002cca43866a0, 0x000002cca4386bb0,
0x000002cca43870c0, 0x000002cca4f375e0, 0x000002cca4f38a20, 0x000002cca4384840,
0x000002cca89a07e0, 0x000002cca89a2b50, 0x000002cca89a3060, 0x000002cca89a0cf0,
0x000002cca899f8b0, 0x000002cca89a3570, 0x000002cca89a1200, 0x000002cca899fdc0,
0x000002cca89a4ec0, 0x000002cca6e6db00, 0x000002cca8238240, 0x000002cca3708800,
0x000002ccaf141680, 0x000002ccaa11cc10, 0x000002ccfe29b600, 0x000002cca7e258f0,
0x000002ccaa11db40, 0x000002ccfe29b0f0, 0x000002ccaf140c60, 0x000002cca8238c60,
0x000002cca8238750, 0x000002ccaf413b60, 0x000002cca89a53d0, 0x000002cca4b0b510,
0x000002ccfe4384e0, 0x000002cca68ba310, 0x000002ccb1a01de0
}

Java Threads: ( => current thread )
  0x000002ccd58c5c70 JavaThread "main" [_thread_blocked, id=13924, stack(0x000000f558800000,0x000000f558900000)]
  0x000002ccf66c5f20 JavaThread "Reference Handler" daemon [_thread_blocked, id=8504, stack(0x000000f558f00000,0x000000f559000000)]
  0x000002ccf66c6600 JavaThread "Finalizer" daemon [_thread_blocked, id=17516, stack(0x000000f559000000,0x000000f559100000)]
  0x000002ccf66de390 JavaThread "Signal Dispatcher" daemon [_thread_blocked, id=3564, stack(0x000000f559100000,0x000000f559200000)]
  0x000002ccf66de870 JavaThread "Attach Listener" daemon [_thread_blocked, id=18176, stack(0x000000f559200000,0x000000f559300000)]
  0x000002ccf66ded50 JavaThread "Service Thread" daemon [_thread_blocked, id=18104, stack(0x000000f559300000,0x000000f559400000)]
  0x000002ccf66e5250 JavaThread "Monitor Deflation Thread" daemon [_thread_blocked, id=17140, stack(0x000000f559400000,0x000000f559500000)]
  0x000002ccf66e7a70 JavaThread "C2 CompilerThread0" daemon [_thread_blocked, id=18060, stack(0x000000f559500000,0x000000f559600000)]
  0x000002ccf66f34a0 JavaThread "C1 CompilerThread0" daemon [_thread_blocked, id=13732, stack(0x000000f559600000,0x000000f559700000)]
  0x000002ccf66f39c0 JavaThread "Sweeper thread" daemon [_thread_blocked, id=17244, stack(0x000000f559700000,0x000000f559800000)]
  0x000002ccf67ebbe0 JavaThread "Common-Cleaner" daemon [_thread_blocked, id=18392, stack(0x000000f559800000,0x000000f559900000)]
  0x000002ccf6962790 JavaThread "Notification Thread" daemon [_thread_blocked, id=9688, stack(0x000000f559d00000,0x000000f559e00000)]
  0x000002ccfc13d1c0 JavaThread "Daemon health stats" [_thread_blocked, id=14076, stack(0x000000f55a100000,0x000000f55a200000)]
  0x000002ccfd4266e0 JavaThread "Incoming local TCP Connector on port 50458" [_thread_in_native, id=14604, stack(0x000000f55a700000,0x000000f55a800000)]
  0x000002ccfd281340 JavaThread "Daemon periodic checks" [_thread_blocked, id=15292, stack(0x000000f55a800000,0x000000f55a900000)]
  0x000002ccfd280920 JavaThread "Daemon" [_thread_blocked, id=17936, stack(0x000000f55a900000,0x000000f55aa00000)]
  0x000002ccfd27ff00 JavaThread "Handler for socket connection from /127.0.0.1:50458 to /127.0.0.1:50459" [_thread_in_native, id=2968, stack(0x000000f55aa00000,0x000000f55ab00000)]
  0x000002ccfd282c90 JavaThread "Cancel handler" [_thread_blocked, id=9120, stack(0x000000f55ab00000,0x000000f55ac00000)]
  0x000002ccfd27f9f0 JavaThread "Daemon worker" [_thread_blocked, id=2228, stack(0x000000f55ac00000,0x000000f55ad00000)]
  0x000002ccfd280410 JavaThread "Asynchronous log dispatcher for DefaultDaemonConnection: socket connection from /127.0.0.1:50458 to /127.0.0.1:50459" [_thread_blocked, id=5192, stack(0x000000f55ad00000,0x000000f55ae00000)]
  0x000002ccfd280e30 JavaThread "Stdin handler" [_thread_blocked, id=17904, stack(0x000000f55ae00000,0x000000f55af00000)]
  0x000002ccfd282270 JavaThread "Daemon client event forwarder" [_thread_blocked, id=4884, stack(0x000000f55af00000,0x000000f55b000000)]
  0x000002ccfd2831a0 JavaThread "Cache worker for journal cache (C:\Users\Administrator\.gradle\caches\journal-1)" [_thread_blocked, id=1728, stack(0x000000f55b000000,0x000000f55b100000)]
  0x000002ccfd281850 JavaThread "File lock request listener" [_thread_in_native, id=18056, stack(0x000000f55b100000,0x000000f55b200000)]
  0x000002ccfd281d60 JavaThread "Cache worker for file hash cache (C:\Users\Administrator\.gradle\caches\8.13\fileHashes)" [_thread_blocked, id=5624, stack(0x000000f55b200000,0x000000f55b300000)]
  0x000002ccff3fe6d0 JavaThread "Cache worker for file hash cache (C:\Projects\coro-jovem-amisadai-app\android\.gradle\8.13\fileHashes)" [_thread_blocked, id=3212, stack(0x000000f55b300000,0x000000f55b400000)]
  0x000002ccff3fd290 JavaThread "Cache worker for Build Output Cleanup Cache (C:\Projects\coro-jovem-amisadai-app\android\.gradle\buildOutputCleanup)" [_thread_blocked, id=16376, stack(0x000000f55b400000,0x000000f55b500000)]
  0x000002ccff3fd7a0 JavaThread "File watcher server" daemon [_thread_blocked, id=2852, stack(0x000000f55be00000,0x000000f55bf00000)]
  0x000002ccff3fc360 JavaThread "File watcher consumer" daemon [_thread_blocked, id=6648, stack(0x000000f55bf00000,0x000000f55c000000)]
  0x000002ccff3fc870 JavaThread "jar transforms" [_thread_blocked, id=6780, stack(0x000000f55c400000,0x000000f55c500000)]
  0x000002ccff3fe1c0 JavaThread "Cache worker for checksums cache (C:\Projects\coro-jovem-amisadai-app\android\.gradle\8.13\checksums)" [_thread_blocked, id=16616, stack(0x000000f55c500000,0x000000f55c600000)]
  0x000002ccff3fbe50 JavaThread "Cache worker for file content cache (C:\Users\Administrator\.gradle\caches\8.13\fileContent)" [_thread_blocked, id=15376, stack(0x000000f55c600000,0x000000f55c700000)]
  0x000002ccff3fb430 JavaThread "Exec process" [_thread_in_native, id=6700, stack(0x000000f55c700000,0x000000f55c800000)]
  0x000002ccff3ff0f0 JavaThread "Exec process Thread 2" [_thread_in_native, id=5412, stack(0x000000f55c800000,0x000000f55c900000)]
  0x000002ccff3fb940 JavaThread "Exec process Thread 3" [_thread_in_native, id=13852, stack(0x000000f55c900000,0x000000f55ca00000)]
  0x000002ccff401e80 JavaThread "Cache worker for cache directory md-supplier (C:\Users\Administrator\.gradle\caches\8.13\md-supplier)" [_thread_blocked, id=4260, stack(0x000000f55c300000,0x000000f55c400000)]
  0x000002ccff401460 JavaThread "Cache worker for cache directory md-rule (C:\Users\Administrator\.gradle\caches\8.13\md-rule)" [_thread_blocked, id=16212, stack(0x000000f55ca00000,0x000000f55cb00000)]
  0x000002ccff402390 JavaThread "Cache worker for Build Output Cleanup Cache (C:\Projects\coro-jovem-amisadai-app\node_modules\@react-native\gradle-plugin\.gradle\buildOutputCleanup)" [_thread_blocked, id=7352, stack(0x000000f55cb00000,0x000000f55cc00000)]
  0x000002ccff3ffb10 JavaThread "Unconstrained build operations" [_thread_blocked, id=6176, stack(0x000000f55c200000,0x000000f55c300000)]
  0x000002ccff3ff600 JavaThread "Unconstrained build operations Thread 2" [_thread_blocked, id=13508, stack(0x000000f55cc00000,0x000000f55cd00000)]
  0x000002ccff400530 JavaThread "Unconstrained build operations Thread 3" [_thread_blocked, id=2508, stack(0x000000f55cd00000,0x000000f55ce00000)]
  0x000002ccff400020 JavaThread "Unconstrained build operations Thread 4" [_thread_blocked, id=13428, stack(0x000000f55ce00000,0x000000f55cf00000)]
  0x000002ccff400a40 JavaThread "Unconstrained build operations Thread 5" [_thread_blocked, id=3704, stack(0x000000f55cf00000,0x000000f55d000000)]
  0x000002ccff401970 JavaThread "Unconstrained build operations Thread 6" [_thread_blocked, id=17020, stack(0x000000f55d000000,0x000000f55d100000)]
  0x000002cc9bb76f80 JavaThread "Cache worker for Build Output Cleanup Cache (C:\Projects\coro-jovem-amisadai-app\node_modules\expo-modules-autolinking\android\expo-gradle-plugin\.gradle\buildOutputCleanup)" [_thread_blocked, id=17940, stack(0x000000f559f00000,0x000000f55a000000)]
  0x000002cc9bb76560 JavaThread "Unconstrained build operations Thread 7" [_thread_blocked, id=17096, stack(0x000000f55c000000,0x000000f55c100000)]
  0x000002cc9bb779a0 JavaThread "Unconstrained build operations Thread 8" [_thread_blocked, id=6980, stack(0x000000f55c100000,0x000000f55c200000)]
  0x000002cc9bb75b40 JavaThread "Unconstrained build operations Thread 9" [_thread_blocked, id=17136, stack(0x000000f55d100000,0x000000f55d200000)]
  0x000002cc9bb76050 JavaThread "Unconstrained build operations Thread 10" [_thread_blocked, id=6512, stack(0x000000f55d200000,0x000000f55d300000)]
  0x000002cc9bb76a70 JavaThread "Unconstrained build operations Thread 11" [_thread_blocked, id=14940, stack(0x000000f55d300000,0x000000f55d400000)]
  0x000002cc9bb75630 JavaThread "Unconstrained build operations Thread 12" [_thread_blocked, id=16676, stack(0x000000f55d400000,0x000000f55d500000)]
  0x000002cc9bb79800 JavaThread "Unconstrained build operations Thread 13" [_thread_blocked, id=1972, stack(0x000000f55d500000,0x000000f55d600000)]
  0x000002cc9bb788d0 JavaThread "Unconstrained build operations Thread 14" [_thread_blocked, id=17032, stack(0x000000f55d600000,0x000000f55d700000)]
  0x000002cc9bb783c0 JavaThread "Unconstrained build operations Thread 15" [_thread_blocked, id=16332, stack(0x000000f55d700000,0x000000f55d800000)]
  0x000002cc9bb7ac40 JavaThread "Unconstrained build operations Thread 16" [_thread_blocked, id=3556, stack(0x000000f55d800000,0x000000f55d900000)]
  0x000002cc9bb7b150 JavaThread "Unconstrained build operations Thread 17" [_thread_blocked, id=8012, stack(0x000000f55d900000,0x000000f55da00000)]
  0x000002cc9bb77eb0 JavaThread "Unconstrained build operations Thread 18" [_thread_blocked, id=18304, stack(0x000000f55da00000,0x000000f55db00000)]
  0x000002cc9bb7b660 JavaThread "Unconstrained build operations Thread 19" [_thread_blocked, id=4348, stack(0x000000f55db00000,0x000000f55dc00000)]
  0x000002cc9bb7bb70 JavaThread "Unconstrained build operations Thread 20" [_thread_blocked, id=1860, stack(0x000000f55dc00000,0x000000f55dd00000)]
  0x000002cc9bb7c080 JavaThread "Unconstrained build operations Thread 21" [_thread_blocked, id=17484, stack(0x000000f55dd00000,0x000000f55de00000)]
  0x000002cc9bb78de0 JavaThread "Unconstrained build operations Thread 22" [_thread_blocked, id=2620, stack(0x000000f55de00000,0x000000f55df00000)]
  0x000002cc9bb7c590 JavaThread "Unconstrained build operations Thread 23" [_thread_blocked, id=18032, stack(0x000000f55df00000,0x000000f55e000000)]
  0x000002cc9bb7caa0 JavaThread "Unconstrained build operations Thread 24" [_thread_blocked, id=17644, stack(0x000000f55e000000,0x000000f55e100000)]
  0x000002cc9bb792f0 JavaThread "Unconstrained build operations Thread 25" [_thread_blocked, id=15332, stack(0x000000f55e100000,0x000000f55e200000)]
  0x000002cc9bb7cfb0 JavaThread "Unconstrained build operations Thread 26" [_thread_blocked, id=17828, stack(0x000000f55e200000,0x000000f55e300000)]
  0x000002cc9bb79d10 JavaThread "Unconstrained build operations Thread 27" [_thread_blocked, id=16808, stack(0x000000f55e300000,0x000000f55e400000)]
  0x000002cc9bb7a220 JavaThread "Unconstrained build operations Thread 28" [_thread_blocked, id=18072, stack(0x000000f55e400000,0x000000f55e500000)]
  0x000002cc9bb7a730 JavaThread "Unconstrained build operations Thread 29" [_thread_blocked, id=18364, stack(0x000000f55e500000,0x000000f55e600000)]
  0x000002cc9b7ac6a0 JavaThread "Unconstrained build operations Thread 30" [_thread_blocked, id=8828, stack(0x000000f55e600000,0x000000f55e700000)]
  0x000002cc9b7acbb0 JavaThread "Unconstrained build operations Thread 31" [_thread_blocked, id=18416, stack(0x000000f55e700000,0x000000f55e800000)]
  0x000002cc9b7adae0 JavaThread "Unconstrained build operations Thread 32" [_thread_blocked, id=5600, stack(0x000000f55e800000,0x000000f55e900000)]
  0x000002cc9b7ad0c0 JavaThread "Unconstrained build operations Thread 33" [_thread_blocked, id=15016, stack(0x000000f55e900000,0x000000f55ea00000)]
  0x000002cc9b7ad5d0 JavaThread "Unconstrained build operations Thread 34" [_thread_blocked, id=1216, stack(0x000000f55ea00000,0x000000f55eb00000)]
  0x000002cc9b7adff0 JavaThread "Unconstrained build operations Thread 35" [_thread_blocked, id=17636, stack(0x000000f55eb00000,0x000000f55ec00000)]
  0x000002cc9b7ab260 JavaThread "Unconstrained build operations Thread 36" [_thread_blocked, id=7172, stack(0x000000f55ec00000,0x000000f55ed00000)]
  0x000002cc9b7ac190 JavaThread "Unconstrained build operations Thread 37" [_thread_blocked, id=17844, stack(0x000000f55ed00000,0x000000f55ee00000)]
  0x000002cc9b7aad50 JavaThread "Unconstrained build operations Thread 38" [_thread_blocked, id=17480, stack(0x000000f55ee00000,0x000000f55ef00000)]
  0x000002cc9b7ab770 JavaThread "Unconstrained build operations Thread 39" [_thread_blocked, id=3132, stack(0x000000f55ef00000,0x000000f55f000000)]
  0x000002cc9b7aa840 JavaThread "Unconstrained build operations Thread 40" [_thread_blocked, id=13088, stack(0x000000f55f000000,0x000000f55f100000)]
  0x000002cc9b7ae500 JavaThread "Unconstrained build operations Thread 41" [_thread_blocked, id=7636, stack(0x000000f55f100000,0x000000f55f200000)]
  0x000002cc9b7aea10 JavaThread "Unconstrained build operations Thread 42" [_thread_blocked, id=6504, stack(0x000000f55f200000,0x000000f55f300000)]
  0x000002cc9b7aef20 JavaThread "Unconstrained build operations Thread 43" [_thread_blocked, id=752, stack(0x000000f55f300000,0x000000f55f400000)]
  0x000002cc9b7af430 JavaThread "Unconstrained build operations Thread 44" [_thread_blocked, id=5144, stack(0x000000f55f400000,0x000000f55f500000)]
  0x000002cc9b7abc80 JavaThread "Unconstrained build operations Thread 45" [_thread_blocked, id=3768, stack(0x000000f55f500000,0x000000f55f600000)]
  0x000002cc9b7b0d80 JavaThread "Unconstrained build operations Thread 46" [_thread_blocked, id=2004, stack(0x000000f55f600000,0x000000f55f700000)]
  0x000002cc9b7b1290 JavaThread "Unconstrained build operations Thread 47" [_thread_blocked, id=2524, stack(0x000000f55f700000,0x000000f55f800000)]
  0x000002cc9b7afe50 JavaThread "Unconstrained build operations Thread 48" [_thread_blocked, id=7316, stack(0x000000f55f800000,0x000000f55f900000)]
  0x000002cc9b7af940 JavaThread "Unconstrained build operations Thread 49" [_thread_blocked, id=4020, stack(0x000000f55f900000,0x000000f55fa00000)]
  0x000002cc9b7b1cb0 JavaThread "Unconstrained build operations Thread 50" [_thread_blocked, id=18424, stack(0x000000f55fa00000,0x000000f55fb00000)]
  0x000002cc9b7b0360 JavaThread "Unconstrained build operations Thread 51" [_thread_blocked, id=16440, stack(0x000000f55fb00000,0x000000f55fc00000)]
  0x000002cc9b7b0870 JavaThread "build event listener" [_thread_blocked, id=17492, stack(0x000000f55fd00000,0x000000f55fe00000)]
  0x000002cc9b7b21c0 JavaThread "Memory manager" [_thread_blocked, id=2404, stack(0x000000f55fc00000,0x000000f55fd00000)]
  0x000002cc9c10ba50 JavaThread "Unconstrained build operations Thread 52" [_thread_blocked, id=9208, stack(0x000000f55fe00000,0x000000f55ff00000)]
  0x000002cc9c10c980 JavaThread "Unconstrained build operations Thread 53" [_thread_blocked, id=6380, stack(0x000000f55ff00000,0x000000f560000000)]
  0x000002cc9c10bf60 JavaThread "Unconstrained build operations Thread 54" [_thread_blocked, id=14188, stack(0x000000f560000000,0x000000f560100000)]
  0x000002cc9c10ce90 JavaThread "Unconstrained build operations Thread 55" [_thread_blocked, id=16012, stack(0x000000f560100000,0x000000f560200000)]
  0x000002cc9c10d3a0 JavaThread "Unconstrained build operations Thread 56" [_thread_blocked, id=6920, stack(0x000000f560200000,0x000000f560300000)]
  0x000002cc9c10a610 JavaThread "Unconstrained build operations Thread 57" [_thread_blocked, id=10016, stack(0x000000f560300000,0x000000f560400000)]
  0x000002cc9c109bf0 JavaThread "Unconstrained build operations Thread 58" [_thread_blocked, id=14760, stack(0x000000f560400000,0x000000f560500000)]
  0x000002cc9c10d8b0 JavaThread "Unconstrained build operations Thread 59" [_thread_blocked, id=14724, stack(0x000000f560500000,0x000000f560600000)]
  0x000002cc9c10ddc0 JavaThread "Unconstrained build operations Thread 60" [_thread_blocked, id=5212, stack(0x000000f560600000,0x000000f560700000)]
  0x000002cc9c10e2d0 JavaThread "Unconstrained build operations Thread 61" [_thread_blocked, id=1868, stack(0x000000f560700000,0x000000f560800000)]
  0x000002cc9c10ab20 JavaThread "Unconstrained build operations Thread 62" [_thread_blocked, id=13352, stack(0x000000f560800000,0x000000f560900000)]
  0x000002cc9c10e7e0 JavaThread "Unconstrained build operations Thread 63" [_thread_blocked, id=17084, stack(0x000000f560900000,0x000000f560a00000)]
  0x000002cc9c10b030 JavaThread "Unconstrained build operations Thread 64" [_thread_blocked, id=3524, stack(0x000000f560a00000,0x000000f560b00000)]
  0x000002cc9c110640 JavaThread "Unconstrained build operations Thread 65" [_thread_blocked, id=2612, stack(0x000000f560b00000,0x000000f560c00000)]
  0x000002cc9c10ecf0 JavaThread "Unconstrained build operations Thread 66" [_thread_blocked, id=11836, stack(0x000000f560c00000,0x000000f560d00000)]
  0x000002cc9c110b50 JavaThread "Unconstrained build operations Thread 67" [_thread_blocked, id=4588, stack(0x000000f560d00000,0x000000f560e00000)]
  0x000002cc9c10f200 JavaThread "Unconstrained build operations Thread 68" [_thread_blocked, id=12200, stack(0x000000f560e00000,0x000000f560f00000)]
  0x000002cc9c10f710 JavaThread "Unconstrained build operations Thread 69" [_thread_blocked, id=16448, stack(0x000000f560f00000,0x000000f561000000)]
  0x000002cc9c10fc20 JavaThread "Unconstrained build operations Thread 70" [_thread_blocked, id=9084, stack(0x000000f561000000,0x000000f561100000)]
  0x000002cc9c111060 JavaThread "Unconstrained build operations Thread 71" [_thread_blocked, id=15696, stack(0x000000f561100000,0x000000f561200000)]
  0x000002cc9c111570 JavaThread "Unconstrained build operations Thread 72" [_thread_blocked, id=7472, stack(0x000000f561200000,0x000000f561300000)]
  0x000002cc9c110130 JavaThread "Unconstrained build operations Thread 73" [_thread_blocked, id=17036, stack(0x000000f561300000,0x000000f561400000)]
  0x000002ccff71c620 JavaThread "Unconstrained build operations Thread 74" [_thread_blocked, id=14808, stack(0x000000f561400000,0x000000f561500000)]
  0x000002ccff71e990 JavaThread "Unconstrained build operations Thread 75" [_thread_blocked, id=2552, stack(0x000000f561500000,0x000000f561600000)]
  0x000002ccff71d040 JavaThread "Unconstrained build operations Thread 76" [_thread_blocked, id=8116, stack(0x000000f561600000,0x000000f561700000)]
  0x000002ccff7202e0 JavaThread "Unconstrained build operations Thread 77" [_thread_blocked, id=8112, stack(0x000000f561700000,0x000000f561800000)]
  0x000002ccff71f3b0 JavaThread "Unconstrained build operations Thread 78" [_thread_blocked, id=5008, stack(0x000000f561800000,0x000000f561900000)]
  0x000002ccff71da60 JavaThread "Unconstrained build operations Thread 79" [_thread_blocked, id=4404, stack(0x000000f561900000,0x000000f561a00000)]
  0x000002ccff71e480 JavaThread "Unconstrained build operations Thread 80" [_thread_blocked, id=7128, stack(0x000000f561a00000,0x000000f561b00000)]
  0x000002ccff71f8c0 JavaThread "Unconstrained build operations Thread 81" [_thread_blocked, id=9756, stack(0x000000f561b00000,0x000000f561c00000)]
  0x000002ccff71d550 JavaThread "Unconstrained build operations Thread 82" [_thread_blocked, id=14776, stack(0x000000f561c00000,0x000000f561d00000)]
  0x000002ccff71fdd0 JavaThread "Unconstrained build operations Thread 83" [_thread_blocked, id=14956, stack(0x000000f561d00000,0x000000f561e00000)]
  0x000002ccff71df70 JavaThread "Unconstrained build operations Thread 84" [_thread_blocked, id=7980, stack(0x000000f561e00000,0x000000f561f00000)]
  0x000002ccff71cb30 JavaThread "Unconstrained build operations Thread 85" [_thread_blocked, id=10116, stack(0x000000f561f00000,0x000000f562000000)]
  0x000002ccff7207f0 JavaThread "Unconstrained build operations Thread 86" [_thread_blocked, id=7136, stack(0x000000f562000000,0x000000f562100000)]
  0x000002ccff720d00 JavaThread "Unconstrained build operations Thread 87" [_thread_blocked, id=18084, stack(0x000000f562100000,0x000000f562200000)]
  0x000002ccff722650 JavaThread "Unconstrained build operations Thread 88" [_thread_blocked, id=18360, stack(0x000000f562200000,0x000000f562300000)]
  0x000002ccff721210 JavaThread "Unconstrained build operations Thread 89" [_thread_blocked, id=5960, stack(0x000000f562300000,0x000000f562400000)]
  0x000002ccff71eea0 JavaThread "Unconstrained build operations Thread 90" [_thread_blocked, id=7460, stack(0x000000f562400000,0x000000f562500000)]
  0x000002ccff722b60 JavaThread "Unconstrained build operations Thread 91" [_thread_blocked, id=5068, stack(0x000000f562500000,0x000000f562600000)]
  0x000002ccff721c30 JavaThread "Unconstrained build operations Thread 92" [_thread_blocked, id=4660, stack(0x000000f562600000,0x000000f562700000)]
  0x000002ccff723a90 JavaThread "Unconstrained build operations Thread 93" [_thread_blocked, id=6592, stack(0x000000f562700000,0x000000f562800000)]
  0x000002ccff723070 JavaThread "Unconstrained build operations Thread 94" [_thread_blocked, id=17788, stack(0x000000f562800000,0x000000f562900000)]
  0x000002ccff721720 JavaThread "Unconstrained build operations Thread 95" [_thread_blocked, id=4952, stack(0x000000f562900000,0x000000f562a00000)]
  0x000002ccff722140 JavaThread "Unconstrained build operations Thread 96" [_thread_blocked, id=13904, stack(0x000000f562a00000,0x000000f562b00000)]
  0x000002ccff723580 JavaThread "build event listener" [_thread_blocked, id=17696, stack(0x000000f562c00000,0x000000f562d00000)]
  0x000002ccfe4ddb10 JavaThread "Unconstrained build operations Thread 97" [_thread_blocked, id=17836, stack(0x000000f562d00000,0x000000f562e00000)]
  0x000002ccfe4de020 JavaThread "Unconstrained build operations Thread 98" [_thread_blocked, id=16388, stack(0x000000f562e00000,0x000000f562f00000)]
  0x000002ccfe4dd0f0 JavaThread "Unconstrained build operations Thread 99" [_thread_blocked, id=7988, stack(0x000000f562f00000,0x000000f563000000)]
  0x000002ccfe4dea40 JavaThread "Unconstrained build operations Thread 100" [_thread_blocked, id=15240, stack(0x000000f563000000,0x000000f563100000)]
  0x000002ccfe4db7a0 JavaThread "Unconstrained build operations Thread 101" [_thread_blocked, id=9272, stack(0x000000f563100000,0x000000f563200000)]
  0x000002ccfe4df460 JavaThread "Unconstrained build operations Thread 102" [_thread_blocked, id=14092, stack(0x000000f563200000,0x000000f563300000)]
  0x000002ccfe4dc6d0 JavaThread "Unconstrained build operations Thread 103" [_thread_blocked, id=17092, stack(0x000000f563300000,0x000000f563400000)]
  0x000002ccfe4de530 JavaThread "Unconstrained build operations Thread 104" [_thread_blocked, id=14996, stack(0x000000f563400000,0x000000f563500000)]
  0x000002ccfe4def50 JavaThread "Unconstrained build operations Thread 105" [_thread_blocked, id=2032, stack(0x000000f563500000,0x000000f563600000)]
  0x000002ccfe4df970 JavaThread "Unconstrained build operations Thread 106" [_thread_blocked, id=17156, stack(0x000000f563600000,0x000000f563700000)]
  0x000002ccfe4dbcb0 JavaThread "Unconstrained build operations Thread 107" [_thread_blocked, id=17728, stack(0x000000f563700000,0x000000f563800000)]
  0x000002ccfe4dc1c0 JavaThread "Unconstrained build operations Thread 108" [_thread_blocked, id=14196, stack(0x000000f563800000,0x000000f563900000)]
  0x000002ccfe4dfe80 JavaThread "ForkJoinPool.commonPool-worker-1" daemon [_thread_blocked, id=17652, stack(0x000000f563900000,0x000000f563a00000)]
  0x000002ccfe4dcbe0 JavaThread "ForkJoinPool.commonPool-worker-2" daemon [_thread_blocked, id=8832, stack(0x000000f563a00000,0x000000f563b00000)]
  0x000002ccfe4e1ce0 JavaThread "ForkJoinPool.commonPool-worker-3" daemon [_thread_blocked, id=17356, stack(0x000000f563b00000,0x000000f563c00000)]
  0x000002ccfe4e17d0 JavaThread "ForkJoinPool.commonPool-worker-5" daemon [_thread_blocked, id=17256, stack(0x000000f563d00000,0x000000f563e00000)]
  0x000002ccfe4e0390 JavaThread "ForkJoinPool.commonPool-worker-6" daemon [_thread_blocked, id=17820, stack(0x000000f563e00000,0x000000f563f00000)]
  0x000002ccfe4e08a0 JavaThread "ForkJoinPool.commonPool-worker-7" daemon [_thread_blocked, id=17572, stack(0x000000f563f00000,0x000000f564000000)]
  0x000002ccfe4e12c0 JavaThread "ForkJoinPool.commonPool-worker-8" daemon [_thread_blocked, id=8464, stack(0x000000f564000000,0x000000f564100000)]
  0x000002ccfe4e0db0 JavaThread "ForkJoinPool.commonPool-worker-9" daemon [_thread_blocked, id=4876, stack(0x000000f564100000,0x000000f564200000)]
  0x000002ccfe4e21f0 JavaThread "ForkJoinPool.commonPool-worker-10" daemon [_thread_blocked, id=4016, stack(0x000000f564200000,0x000000f564300000)]
  0x000002ccfe4e2700 JavaThread "ForkJoinPool.commonPool-worker-11" daemon [_thread_blocked, id=7328, stack(0x000000f564300000,0x000000f564400000)]
  0x000002cc9c6e8810 JavaThread "included builds Thread 2" [_thread_blocked, id=7224, stack(0x000000f564500000,0x000000f564600000)]
  0x000002cc9c6e8d20 JavaThread "Execution worker" [_thread_blocked, id=16036, stack(0x000000f564700000,0x000000f564800000)]
  0x000002cc9c6e5a80 JavaThread "Execution worker Thread 2" [_thread_blocked, id=17800, stack(0x000000f564800000,0x000000f564900000)]
  0x000002cc9c6e5f90 JavaThread "Execution worker Thread 3" [_thread_blocked, id=5124, stack(0x000000f564900000,0x000000f564a00000)]
  0x000002cc9c6e9740 JavaThread "Execution worker Thread 4" [_thread_blocked, id=16092, stack(0x000000f564a00000,0x000000f564b00000)]
  0x000002cc9c6e9c50 JavaThread "Execution worker Thread 5" [_thread_blocked, id=16816, stack(0x000000f564b00000,0x000000f564c00000)]
  0x000002cc9c6e6ec0 JavaThread "Execution worker Thread 6" [_thread_blocked, id=2332, stack(0x000000f564c00000,0x000000f564d00000)]
  0x000002cc9c6e64a0 JavaThread "Execution worker Thread 7" [_thread_blocked, id=16912, stack(0x000000f564d00000,0x000000f564e00000)]
  0x000002cc9c6e69b0 JavaThread "Execution worker Thread 8" [_thread_blocked, id=10104, stack(0x000000f564e00000,0x000000f564f00000)]
  0x000002cc9c6ea670 JavaThread "Execution worker Thread 9" [_thread_blocked, id=7248, stack(0x000000f564f00000,0x000000f565000000)]
  0x000002cc9c6ea160 JavaThread "Execution worker Thread 10" [_thread_blocked, id=14148, stack(0x000000f565000000,0x000000f565100000)]
  0x000002cc9c6e7df0 JavaThread "Execution worker Thread 11" [_thread_blocked, id=11412, stack(0x000000f565100000,0x000000f565200000)]
  0x000002cc9c6e73d0 JavaThread "Execution worker Thread 12" [_thread_blocked, id=17532, stack(0x000000f565200000,0x000000f565300000)]
  0x000002cc9c6e8300 JavaThread "Execution worker Thread 13" [_thread_blocked, id=9860, stack(0x000000f565300000,0x000000f565400000)]
  0x000002cc9c6eab80 JavaThread "Execution worker Thread 14" [_thread_blocked, id=16320, stack(0x000000f565400000,0x000000f565500000)]
  0x000002cc9c6eb090 JavaThread "Execution worker Thread 15" [_thread_blocked, id=15192, stack(0x000000f565500000,0x000000f565600000)]
  0x000002cc9c6e78e0 JavaThread "Cache worker for execution history cache (C:\Projects\coro-jovem-amisadai-app\node_modules\@react-native\gradle-plugin\.gradle\8.13\executionHistory)" [_thread_blocked, id=13492, stack(0x000000f565600000,0x000000f565700000)]
  0x000002cc9c6ecef0 JavaThread "Cache worker for execution history cache (C:\Projects\coro-jovem-amisadai-app\node_modules\expo-modules-autolinking\android\expo-gradle-plugin\.gradle\8.13\executionHistory)" [_thread_blocked, id=14868, stack(0x000000f565700000,0x000000f565800000)]
  0x000002cc9c6eb5a0 JavaThread "Unconstrained build operations Thread 109" [_thread_blocked, id=18324, stack(0x000000f565800000,0x000000f565900000)]
  0x000002cc9c6ec9e0 JavaThread "Unconstrained build operations Thread 110" [_thread_blocked, id=2780, stack(0x000000f565900000,0x000000f565a00000)]
  0x000002cc9c6ebab0 JavaThread "Unconstrained build operations Thread 111" [_thread_blocked, id=18076, stack(0x000000f565a00000,0x000000f565b00000)]
  0x000002cc9c6ebfc0 JavaThread "Unconstrained build operations Thread 112" [_thread_blocked, id=17724, stack(0x000000f565b00000,0x000000f565c00000)]
  0x000002cc9c6ed400 JavaThread "Unconstrained build operations Thread 113" [_thread_blocked, id=16076, stack(0x000000f565c00000,0x000000f565d00000)]
  0x000002cc9c6ec4d0 JavaThread "Unconstrained build operations Thread 114" [_thread_blocked, id=5776, stack(0x000000f565d00000,0x000000f565e00000)]
  0x000002cc9b90a550 JavaThread "Unconstrained build operations Thread 115" [_thread_blocked, id=5020, stack(0x000000f565e00000,0x000000f565f00000)]
  0x000002cc9b90cdd0 JavaThread "Unconstrained build operations Thread 116" [_thread_blocked, id=17880, stack(0x000000f565f00000,0x000000f566000000)]
  0x000002cc9b90af70 JavaThread "Unconstrained build operations Thread 117" [_thread_blocked, id=18128, stack(0x000000f566000000,0x000000f566100000)]
  0x000002cc9b90d2e0 JavaThread "Unconstrained build operations Thread 118" [_thread_blocked, id=16828, stack(0x000000f566100000,0x000000f566200000)]
  0x000002cc9b90d7f0 JavaThread "Unconstrained build operations Thread 119" [_thread_blocked, id=10644, stack(0x000000f566200000,0x000000f566300000)]
  0x000002cc9b90b480 JavaThread "Unconstrained build operations Thread 120" [_thread_blocked, id=4344, stack(0x000000f566300000,0x000000f566400000)]
  0x000002cc9b90bea0 JavaThread "Unconstrained build operations Thread 121" [_thread_blocked, id=3060, stack(0x000000f566400000,0x000000f566500000)]
  0x000002cc9b90dd00 JavaThread "Unconstrained build operations Thread 122" [_thread_blocked, id=16044, stack(0x000000f566500000,0x000000f566600000)]
  0x000002cc9b90c3b0 JavaThread "Unconstrained build operations Thread 123" [_thread_blocked, id=5236, stack(0x000000f566600000,0x000000f566700000)]
  0x000002cc9b90e210 JavaThread "Unconstrained build operations Thread 124" [_thread_blocked, id=17796, stack(0x000000f566700000,0x000000f566800000)]
  0x000002cc9b90aa60 JavaThread "Unconstrained build operations Thread 125" [_thread_blocked, id=7680, stack(0x000000f566800000,0x000000f566900000)]
  0x000002cc9b90e720 JavaThread "Unconstrained build operations Thread 126" [_thread_blocked, id=6012, stack(0x000000f566900000,0x000000f566a00000)]
  0x000002cc9b90ec30 JavaThread "Unconstrained build operations Thread 127" [_thread_blocked, id=18224, stack(0x000000f566a00000,0x000000f566b00000)]
  0x000002cc9b90f140 JavaThread "Unconstrained build operations Thread 128" [_thread_blocked, id=8856, stack(0x000000f566b00000,0x000000f566c00000)]
  0x000002cc9b90b990 JavaThread "Unconstrained build operations Thread 129" [_thread_blocked, id=16476, stack(0x000000f566c00000,0x000000f566d00000)]
  0x000002cc9b90f650 JavaThread "Unconstrained build operations Thread 130" [_thread_blocked, id=17496, stack(0x000000f566d00000,0x000000f566e00000)]
  0x000002cc9b90fb60 JavaThread "Unconstrained build operations Thread 131" [_thread_blocked, id=7000, stack(0x000000f566e00000,0x000000f566f00000)]
  0x000002cc9b910070 JavaThread "Unconstrained build operations Thread 132" [_thread_blocked, id=13548, stack(0x000000f566f00000,0x000000f567000000)]
  0x000002cc9b90c8c0 JavaThread "Unconstrained build operations Thread 133" [_thread_blocked, id=18124, stack(0x000000f567000000,0x000000f567100000)]
  0x000002cc9b910580 JavaThread "Unconstrained build operations Thread 134" [_thread_blocked, id=9308, stack(0x000000f567100000,0x000000f567200000)]
  0x000002cc9b910a90 JavaThread "Unconstrained build operations Thread 135" [_thread_blocked, id=17076, stack(0x000000f567200000,0x000000f567300000)]
  0x000002cc9b910fa0 JavaThread "Unconstrained build operations Thread 136" [_thread_blocked, id=17448, stack(0x000000f567300000,0x000000f567400000)]
  0x000002cc9b9114b0 JavaThread "Unconstrained build operations Thread 137" [_thread_blocked, id=4400, stack(0x000000f567400000,0x000000f567500000)]
  0x000002cc9b9119c0 JavaThread "Unconstrained build operations Thread 138" [_thread_blocked, id=17860, stack(0x000000f567500000,0x000000f567600000)]
  0x000002cc9b911ed0 JavaThread "Unconstrained build operations Thread 139" [_thread_blocked, id=1624, stack(0x000000f567600000,0x000000f567700000)]
  0x000002cc9ba1b350 JavaThread "Unconstrained build operations Thread 140" [_thread_blocked, id=18064, stack(0x000000f567700000,0x000000f567800000)]
  0x000002cc9ba1a420 JavaThread "Unconstrained build operations Thread 141" [_thread_blocked, id=17412, stack(0x000000f567800000,0x000000f567900000)]
  0x000002cc9ba1c280 JavaThread "Unconstrained build operations Thread 142" [_thread_blocked, id=11988, stack(0x000000f567900000,0x000000f567a00000)]
  0x000002cc9ba1bd70 JavaThread "Unconstrained build operations Thread 143" [_thread_blocked, id=12232, stack(0x000000f567a00000,0x000000f567b00000)]
  0x000002cc9ba1dbd0 JavaThread "Unconstrained build operations Thread 144" [_thread_blocked, id=916, stack(0x000000f567b00000,0x000000f567c00000)]
  0x000002cc9ba1e0e0 JavaThread "Unconstrained build operations Thread 145" [_thread_blocked, id=1660, stack(0x000000f567c00000,0x000000f567d00000)]
  0x000002cc9ba1d1b0 JavaThread "Unconstrained build operations Thread 146" [_thread_blocked, id=7584, stack(0x000000f567d00000,0x000000f567e00000)]
  0x000002cc9ba1c790 JavaThread "Unconstrained build operations Thread 147" [_thread_blocked, id=2848, stack(0x000000f567e00000,0x000000f567f00000)]
  0x000002cc9ba1a930 JavaThread "Unconstrained build operations Thread 148" [_thread_blocked, id=17120, stack(0x000000f567f00000,0x000000f568000000)]
  0x000002cc9ba1cca0 JavaThread "Unconstrained build operations Thread 149" [_thread_blocked, id=18412, stack(0x000000f568000000,0x000000f568100000)]
  0x000002cc9ba1d6c0 JavaThread "Unconstrained build operations Thread 150" [_thread_blocked, id=7312, stack(0x000000f568100000,0x000000f568200000)]
  0x000002cc9ba1e5f0 JavaThread "Unconstrained build operations Thread 151" [_thread_blocked, id=18140, stack(0x000000f568200000,0x000000f568300000)]
  0x000002cc9ba1ae40 JavaThread "Unconstrained build operations Thread 152" [_thread_blocked, id=13100, stack(0x000000f568300000,0x000000f568400000)]
  0x000002cc9ba1b860 JavaThread "Unconstrained build operations Thread 153" [_thread_blocked, id=1448, stack(0x000000f568600000,0x000000f568700000)]
  0x000002cc9ba20960 JavaThread "Unconstrained build operations Thread 154" [_thread_blocked, id=17756, stack(0x000000f568700000,0x000000f568800000)]
  0x000002cc9ba20e70 JavaThread "Unconstrained build operations Thread 155" [_thread_blocked, id=18268, stack(0x000000f568800000,0x000000f568900000)]
  0x000002cc9ba1fa30 JavaThread "Unconstrained build operations Thread 156" [_thread_blocked, id=7116, stack(0x000000f568900000,0x000000f568a00000)]
  0x000002cc9ba21380 JavaThread "Unconstrained build operations Thread 157" [_thread_blocked, id=15084, stack(0x000000f568a00000,0x000000f568b00000)]
  0x000002cc9ba21890 JavaThread "Unconstrained build operations Thread 158" [_thread_blocked, id=14300, stack(0x000000f568b00000,0x000000f568c00000)]
  0x000002cc9ba21da0 JavaThread "Unconstrained build operations Thread 159" [_thread_blocked, id=17432, stack(0x000000f568c00000,0x000000f568d00000)]
  0x000002cc9ba1eb00 JavaThread "Unconstrained build operations Thread 160" [_thread_blocked, id=9184, stack(0x000000f568d00000,0x000000f568e00000)]
  0x000002cc9ba222b0 JavaThread "jar transforms Thread 2" [_thread_blocked, id=3276, stack(0x000000f562b00000,0x000000f562c00000)]
  0x000002cc9ba231e0 JavaThread "Cache worker for Build Output Cleanup Cache (C:\Projects\coro-jovem-amisadai-app\node_modules\expo-modules-core\expo-module-gradle-plugin\.gradle\buildOutputCleanup)" [_thread_blocked, id=7040, stack(0x000000f559a00000,0x000000f559b00000)]
  0x000002cc9ba25f70 JavaThread "jar transforms Thread 3" [_thread_blocked, id=8148, stack(0x000000f569100000,0x000000f569200000)]
  0x000002cc9ba24b30 JavaThread "Cache worker for execution history cache (C:\Projects\coro-jovem-amisadai-app\node_modules\expo-modules-core\expo-module-gradle-plugin\.gradle\8.13\executionHistory)" [_thread_blocked, id=17892, stack(0x000000f569300000,0x000000f569400000)]
  0x000002cc9ba25a60 JavaThread "jar transforms Thread 4" [_thread_blocked, id=10516, stack(0x000000f569600000,0x000000f569700000)]
  0x000002cc9ba24620 JavaThread "Problems report writer" [_thread_blocked, id=18372, stack(0x000000f569700000,0x000000f569800000)]
  0x000002cc9ba236f0 JavaThread "jar transforms Thread 5" [_thread_blocked, id=16976, stack(0x000000f569900000,0x000000f569a00000)]
  0x000002cc9ba23c00 JavaThread "jar transforms Thread 6" [_thread_blocked, id=7176, stack(0x000000f569a00000,0x000000f569b00000)]
  0x000002cc9ba278c0 JavaThread "build event listener" [_thread_blocked, id=6160, stack(0x000000f569500000,0x000000f569600000)]
  0x000002cca4f2c9c0 JavaThread "jar transforms Thread 7" [_thread_blocked, id=16484, stack(0x000000f569800000,0x000000f569900000)]
  0x000002cca4f2f240 JavaThread "jar transforms Thread 8" [_thread_blocked, id=5688, stack(0x000000f569b00000,0x000000f569c00000)]
  0x000002cca4f2e310 JavaThread "jar transforms Thread 9" [_thread_blocked, id=5452, stack(0x000000f569c00000,0x000000f569d00000)]
  0x000002cca4f2c4b0 JavaThread "jar transforms Thread 10" [_thread_blocked, id=7500, stack(0x000000f569d00000,0x000000f569e00000)]
  0x000002cca4f2e820 JavaThread "jar transforms Thread 11" [_thread_blocked, id=6392, stack(0x000000f569e00000,0x000000f569f00000)]
  0x000002cca4f2ed30 JavaThread "jar transforms Thread 12" [_thread_blocked, id=11004, stack(0x000000f569f00000,0x000000f56a000000)]
  0x000002cca4f30170 JavaThread "jar transforms Thread 13" [_thread_blocked, id=9980, stack(0x000000f56a000000,0x000000f56a100000)]
  0x000002cca4f30680 JavaThread "jar transforms Thread 14" [_thread_blocked, id=14920, stack(0x000000f56a100000,0x000000f56a200000)]
  0x000002cca4f30b90 JavaThread "jar transforms Thread 15" [_thread_blocked, id=10740, stack(0x000000f56a300000,0x000000f56a400000)]
  0x000002cca4f2d8f0 JavaThread "jar transforms Thread 16" [_thread_blocked, id=16516, stack(0x000000f56a400000,0x000000f56a500000)]
  0x000002cca4f38f30 JavaThread "Cache worker for execution history cache (C:\Projects\coro-jovem-amisadai-app\android\.gradle\8.13\executionHistory)" [_thread_blocked, id=14212, stack(0x000000f56b000000,0x000000f56b100000)]
  0x000002cca4f38000 JavaThread "WorkerExecutor Queue" [_thread_blocked, id=16948, stack(0x000000f559b00000,0x000000f559c00000)]
  0x000002cca4f3b2a0 JavaThread "WorkerExecutor Queue Thread 2" [_thread_blocked, id=12972, stack(0x000000f559c00000,0x000000f559d00000)]
  0x000002cca4f37af0 JavaThread "WorkerExecutor Queue Thread 3" [_thread_blocked, id=14260, stack(0x000000f55a000000,0x000000f55a100000)]
  0x000002cca4f3b7b0 JavaThread "WorkerExecutor Queue Thread 4" [_thread_blocked, id=11208, stack(0x000000f569000000,0x000000f569100000)]
  0x000002ccff3fdcb0 JavaThread "WorkerExecutor Queue Thread 5" [_thread_blocked, id=12324, stack(0x000000f56af00000,0x000000f56b000000)]
  0x000002cc9ba1ff40 JavaThread "WorkerExecutor Queue Thread 7" [_thread_blocked, id=9152, stack(0x000000f568f00000,0x000000f569000000)]
  0x000002cc9ba227c0 JavaThread "WorkerExecutor Queue Thread 8" [_thread_blocked, id=3592, stack(0x000000f56b200000,0x000000f56b300000)]
  0x000002cca4377dc0 JavaThread "WorkerExecutor Queue Thread 9" [_thread_blocked, id=13716, stack(0x000000f56b300000,0x000000f56b400000)]
  0x000002cca437a640 JavaThread "WorkerExecutor Queue Thread 10" [_thread_blocked, id=9168, stack(0x000000f56b400000,0x000000f56b500000)]
  0x000002cca43782d0 JavaThread "WorkerExecutor Queue Thread 11" [_thread_blocked, id=12564, stack(0x000000f56b500000,0x000000f56b600000)]
  0x000002cca437a130 JavaThread "WorkerExecutor Queue Thread 12" [_thread_in_native, id=4840, stack(0x000000f56b600000,0x000000f56b700000)]
  0x000002cca437b570 JavaThread "WorkerExecutor Queue Thread 13" [_thread_blocked, id=8668, stack(0x000000f559900000,0x000000f559a00000)]
  0x000002cca6457060 JavaThread "C1 CompilerThread1" daemon [_thread_blocked, id=17584, stack(0x000000f568e00000,0x000000f568f00000)]
  0x000002cca43787e0 JavaThread "WorkerExecutor Queue Thread 14" [_thread_blocked, id=14436, stack(0x000000f56c000000,0x000000f56c100000)]
  0x000002cca437bf90 JavaThread "WorkerExecutor Queue Thread 15" [_thread_blocked, id=7516, stack(0x000000f56c100000,0x000000f56c200000)]
  0x000002cca4379200 JavaThread "WorkerExecutor Queue Thread 16" [_thread_blocked, id=14704, stack(0x000000f56c200000,0x000000f56c300000)]
  0x000002cca437f740 JavaThread "pool-3-thread-1" [_thread_blocked, id=14420, stack(0x000000f56c300000,0x000000f56c400000)]
  0x000002cca437ed20 JavaThread "stderr" [_thread_in_native, id=10904, stack(0x000000f56c400000,0x000000f56c500000)]
  0x000002cca437d8e0 JavaThread "stderr" [_thread_in_native, id=15940, stack(0x000000f56c500000,0x000000f56c600000)]
  0x000002cca4380b80 JavaThread "stdout" [_thread_in_native, id=16720, stack(0x000000f56c600000,0x000000f56c700000)]
  0x000002cca437f230 JavaThread "stdout" [_thread_in_native, id=5800, stack(0x000000f56c700000,0x000000f56c800000)]
  0x000002cca437c9b0 JavaThread "Cache worker for Java compile cache (C:\Users\Administrator\.gradle\caches\8.13\javaCompile)" [_thread_blocked, id=2060, stack(0x000000f56b800000,0x000000f56b900000)]
  0x000002cca646c8d0 JavaThread "C1 CompilerThread2" daemon [_thread_blocked, id=2256, stack(0x000000f56ba00000,0x000000f56bb00000)]
  0x000002cca646ce20 JavaThread "C1 CompilerThread3" daemon [_thread_blocked, id=18008, stack(0x000000f56bb00000,0x000000f56bc00000)]
  0x000002cca9d06b00 JavaThread "C2 CompilerThread1" daemon [_thread_blocked, id=1312, stack(0x000000f56b700000,0x000000f56b800000)]
  0x000002cca6e6d5b0 JavaThread "C2 CompilerThread2" daemon [_thread_blocked, id=15384, stack(0x000000f56b900000,0x000000f56ba00000)]
  0x000002ccfdd69290 JavaThread "C2 CompilerThread3" daemon [_thread_blocked, id=6036, stack(0x000000f56bc00000,0x000000f56bd00000)]
  0x000002ccfdd682a0 JavaThread "C2 CompilerThread4" daemon [_thread_blocked, id=16444, stack(0x000000f56bd00000,0x000000f56be00000)]
  0x000002cca4383910 JavaThread "Build operations" [_thread_blocked, id=9692, stack(0x000000f56c900000,0x000000f56ca00000)]
  0x000002cca4382ef0 JavaThread "Build operations Thread 2" [_thread_blocked, id=17628, stack(0x000000f56ca00000,0x000000f56cb00000)]
  0x000002cca4383400 JavaThread "Build operations Thread 3" [_thread_blocked, id=16768, stack(0x000000f56cb00000,0x000000f56cc00000)]
  0x000002cca4385260 JavaThread "Build operations Thread 4" [_thread_blocked, id=16280, stack(0x000000f56cc00000,0x000000f56cd00000)]
  0x000002cca43829e0 JavaThread "Build operations Thread 5" [_thread_blocked, id=14640, stack(0x000000f56cd00000,0x000000f56ce00000)]
  0x000002cca4384330 JavaThread "Build operations Thread 6" [_thread_blocked, id=18220, stack(0x000000f56ce00000,0x000000f56cf00000)]
  0x000002cca4384d50 JavaThread "Build operations Thread 7" [_thread_blocked, id=8812, stack(0x000000f56cf00000,0x000000f56d000000)]
  0x000002cca4385c80 JavaThread "Build operations Thread 8" [_thread_blocked, id=12776, stack(0x000000f56d000000,0x000000f56d100000)]
  0x000002cca4385770 JavaThread "Build operations Thread 9" [_thread_blocked, id=14340, stack(0x000000f56d100000,0x000000f56d200000)]
  0x000002cca4383e20 JavaThread "Build operations Thread 10" [_thread_blocked, id=4508, stack(0x000000f56d200000,0x000000f56d300000)]
  0x000002cca43824d0 JavaThread "Build operations Thread 11" [_thread_blocked, id=17624, stack(0x000000f56d300000,0x000000f56d400000)]
  0x000002cca4386190 JavaThread "Build operations Thread 12" [_thread_blocked, id=2816, stack(0x000000f56d400000,0x000000f56d500000)]
  0x000002cca43866a0 JavaThread "Build operations Thread 13" [_thread_blocked, id=5756, stack(0x000000f56d500000,0x000000f56d600000)]
  0x000002cca4386bb0 JavaThread "Build operations Thread 14" [_thread_blocked, id=15960, stack(0x000000f56d600000,0x000000f56d700000)]
  0x000002cca43870c0 JavaThread "Build operations Thread 15" [_thread_blocked, id=4960, stack(0x000000f56d700000,0x000000f56d800000)]
  0x000002cca4f375e0 JavaThread "RMI Scheduler(0)" daemon [_thread_blocked, id=17108, stack(0x000000f56d800000,0x000000f56d900000)]
  0x000002cca4f38a20 JavaThread "RMI RenewClean-[127.0.0.1:17705,org.jetbrains.kotlin.daemon.common.LoopbackNetworkInterface$ClientLoopbackSocketFactory@2228b0a9]" daemon [_thread_blocked, id=1544, stack(0x000000f56d900000,0x000000f56da00000)]
  0x000002cca4384840 JavaThread "RMI GC Daemon" daemon [_thread_blocked, id=15620, stack(0x000000f56da00000,0x000000f56db00000)]
  0x000002cca89a07e0 JavaThread "RMI TCP Accept-0" daemon [_thread_blocked, id=16748, stack(0x000000f56db00000,0x000000f56dc00000)]
  0x000002cca89a2b50 JavaThread "RMI Reaper" [_thread_blocked, id=17352, stack(0x000000f56dc00000,0x000000f56dd00000)]
  0x000002cca89a3060 JavaThread "RMI TCP Connection(idle)" daemon [_thread_blocked, id=2124, stack(0x000000f56dd00000,0x000000f56de00000)]
  0x000002cca89a0cf0 JavaThread "Build operations Thread 16" [_thread_blocked, id=14636, stack(0x000000f56de00000,0x000000f56df00000)]
  0x000002cca899f8b0 JavaThread "RMI RenewClean-[127.0.0.1:17705,org.jetbrains.kotlin.daemon.common.LoopbackNetworkInterface$ClientLoopbackSocketFactory@534d8fd4]" daemon [_thread_blocked, id=10056, stack(0x000000f56df00000,0x000000f56e000000)]
  0x000002cca89a3570 JavaThread "RMI TCP Connection(5)-127.0.0.1" daemon [_thread_in_native, id=4216, stack(0x000000f56e000000,0x000000f56e100000)]
  0x000002cca89a1200 JavaThread "RMI RenewClean-[127.0.0.1:17705,org.jetbrains.kotlin.daemon.common.LoopbackNetworkInterface$ClientLoopbackSocketFactory@5bd48bf2]" daemon [_thread_blocked, id=17716, stack(0x000000f56e100000,0x000000f56e200000)]
  0x000002cca899fdc0 JavaThread "RMI TCP Connection(4)-127.0.0.1" daemon [_thread_in_native, id=1504, stack(0x000000f56e200000,0x000000f56e300000)]
  0x000002cca89a4ec0 JavaThread "WorkerExecutor Queue Thread 17" [_thread_blocked, id=5324, stack(0x000000f558500000,0x000000f558600000)]
  0x000002cca6e6db00 JavaThread "C2 CompilerThread5" daemon [_thread_blocked, id=17588, stack(0x000000f558700000,0x000000f558800000)]
  0x000002cca8238240 JavaThread "WorkerExecutor Queue Thread 18" [_thread_blocked, id=2008, stack(0x000000f564400000,0x000000f564500000)]
  0x000002cca3708800 JavaThread "ForkJoinPool-1-worker-1" daemon [_thread_blocked, id=2796, stack(0x000000f563c00000,0x000000f563d00000)]
  0x000002ccaf141680 JavaThread "ForkJoinPool-1-worker-2" daemon [_thread_blocked, id=6092, stack(0x000000f564600000,0x000000f564700000)]
  0x000002ccaa11cc10 JavaThread "ForkJoinPool-1-worker-3" daemon [_thread_blocked, id=2996, stack(0x000000f569200000,0x000000f569300000)]
  0x000002ccfe29b600 JavaThread "ForkJoinPool-1-worker-4" daemon [_thread_blocked, id=17564, stack(0x000000f56b100000,0x000000f56b200000)]
  0x000002cca7e258f0 JavaThread "ForkJoinPool-1-worker-5" daemon [_thread_blocked, id=10432, stack(0x000000f56be00000,0x000000f56bf00000)]
  0x000002ccaa11db40 JavaThread "ForkJoinPool-1-worker-6" daemon [_thread_blocked, id=14512, stack(0x000000f56bf00000,0x000000f56c000000)]
  0x000002ccfe29b0f0 JavaThread "ForkJoinPool-1-worker-7" daemon [_thread_blocked, id=17776, stack(0x000000f56c800000,0x000000f56c900000)]
  0x000002ccaf140c60 JavaThread "ForkJoinPool-1-worker-8" daemon [_thread_blocked, id=14080, stack(0x000000f56e300000,0x000000f56e400000)]
  0x000002cca8238c60 JavaThread "ForkJoinPool-1-worker-9" daemon [_thread_blocked, id=10756, stack(0x000000f56e400000,0x000000f56e500000)]
  0x000002cca8238750 JavaThread "ForkJoinPool-1-worker-10" daemon [_thread_blocked, id=16956, stack(0x000000f56e500000,0x000000f56e600000)]
  0x000002ccaf413b60 JavaThread "ForkJoinPool-1-worker-11" daemon [_thread_blocked, id=6804, stack(0x000000f56e600000,0x000000f56e700000)]
  0x000002cca89a53d0 JavaThread "ForkJoinPool-1-worker-12" daemon [_thread_blocked, id=6992, stack(0x000000f56e700000,0x000000f56e800000)]
  0x000002cca4b0b510 JavaThread "ForkJoinPool-1-worker-13" daemon [_thread_blocked, id=2272, stack(0x000000f56e800000,0x000000f56e900000)]
  0x000002ccfe4384e0 JavaThread "ForkJoinPool-1-worker-14" daemon [_thread_blocked, id=1696, stack(0x000000f56e900000,0x000000f56ea00000)]
  0x000002cca68ba310 JavaThread "ForkJoinPool-1-worker-15" daemon [_thread_blocked, id=6436, stack(0x000000f56ea00000,0x000000f56eb00000)]
  0x000002ccb1a01de0 JavaThread "ForkJoinPool-1-worker-16" daemon [_thread_blocked, id=16852, stack(0x000000f56eb00000,0x000000f56ec00000)]

Other Threads:
=>0x000002ccf66ba8c0 VMThread "VM Thread" [stack: 0x000000f558e00000,0x000000f558f00000] [id=5784]
  0x000002ccf6962f50 WatcherThread [stack: 0x000000f559e00000,0x000000f559f00000] [id=8848]
  0x000002ccd56ee810 GCTaskThread "GC Thread#0" [stack: 0x000000f558900000,0x000000f558a00000] [id=17672]
  0x000002ccfb2d4fb0 GCTaskThread "GC Thread#1" [stack: 0x000000f55a200000,0x000000f55a300000] [id=17540]
  0x000002ccf69de7c0 GCTaskThread "GC Thread#2" [stack: 0x000000f55a300000,0x000000f55a400000] [id=3828]
  0x000002ccf6a629e0 GCTaskThread "GC Thread#3" [stack: 0x000000f55a400000,0x000000f55a500000] [id=3376]
  0x000002ccfb41c660 GCTaskThread "GC Thread#4" [stack: 0x000000f55a500000,0x000000f55a600000] [id=4688]
  0x000002ccfb2b30b0 GCTaskThread "GC Thread#5" [stack: 0x000000f55a600000,0x000000f55a700000] [id=5064]
  0x000002ccfee48830 GCTaskThread "GC Thread#6" [stack: 0x000000f55b500000,0x000000f55b600000] [id=7812]
  0x000002ccfee49e30 GCTaskThread "GC Thread#7" [stack: 0x000000f55b600000,0x000000f55b700000] [id=14368]
  0x000002ccfee4a0f0 GCTaskThread "GC Thread#8" [stack: 0x000000f55b700000,0x000000f55b800000] [id=16732]
  0x000002ccfee48af0 GCTaskThread "GC Thread#9" [stack: 0x000000f55b800000,0x000000f55b900000] [id=5936]
  0x000002ccfee49b70 GCTaskThread "GC Thread#10" [stack: 0x000000f55b900000,0x000000f55ba00000] [id=2740]
  0x000002ccfee4a3b0 GCTaskThread "GC Thread#11" [stack: 0x000000f55ba00000,0x000000f55bb00000] [id=10736]
  0x000002ccfee48db0 GCTaskThread "GC Thread#12" [stack: 0x000000f55bb00000,0x000000f55bc00000] [id=17824]
  0x000002ccd592f2a0 ConcurrentGCThread "G1 Main Marker" [stack: 0x000000f558a00000,0x000000f558b00000] [id=8136]
  0x000002ccd5930730 ConcurrentGCThread "G1 Conc#0" [stack: 0x000000f558b00000,0x000000f558c00000] [id=11164]
  0x000002ccfee498b0 ConcurrentGCThread "G1 Conc#1" [stack: 0x000000f55bc00000,0x000000f55bd00000] [id=5996]
  0x000002ccfee49070 ConcurrentGCThread "G1 Conc#2" [stack: 0x000000f55bd00000,0x000000f55be00000] [id=14416]
  0x000002ccd597df30 ConcurrentGCThread "G1 Refine#0" [stack: 0x000000f558c00000,0x000000f558d00000] [id=4828]
  0x000002cc9bddeba0 ConcurrentGCThread "G1 Refine#1" [stack: 0x000000f56a600000,0x000000f56a700000] [id=2820]
  0x000002cca6e43b50 ConcurrentGCThread "G1 Refine#2" [stack: 0x000000f56a700000,0x000000f56a800000] [id=2264]
  0x000002cca3a799c0 ConcurrentGCThread "G1 Refine#3" [stack: 0x000000f56a800000,0x000000f56a900000] [id=3056]
  0x000002cca6e43860 ConcurrentGCThread "G1 Refine#4" [stack: 0x000000f56a900000,0x000000f56aa00000] [id=3052]
  0x000002cca3b8fe60 ConcurrentGCThread "G1 Refine#5" [stack: 0x000000f56aa00000,0x000000f56ab00000] [id=17504]
  0x000002cc9d980ff0 ConcurrentGCThread "G1 Refine#6" [stack: 0x000000f56ab00000,0x000000f56ac00000] [id=17168]
  0x000002cc9d9812e0 ConcurrentGCThread "G1 Refine#7" [stack: 0x000000f56ac00000,0x000000f56ad00000] [id=7096]
  0x000002cc9d980a10 ConcurrentGCThread "G1 Refine#8" [stack: 0x000000f56ad00000,0x000000f56ae00000] [id=16540]
  0x000002cca423a6a0 ConcurrentGCThread "G1 Refine#9" [stack: 0x000000f56ae00000,0x000000f56af00000] [id=12540]
  0x000002ccd597e320 ConcurrentGCThread "G1 Service" [stack: 0x000000f558d00000,0x000000f558e00000] [id=2148]

Threads with active compile tasks:
C2 CompilerThread0    83637 49754       4       com.android.tools.r8.internal.px$$Lambda$4868/0x000002cc828eb240::accept (13 bytes)
C1 CompilerThread0    83637 49811       2       java.util.concurrent.ForkJoinTask::casAux (10 bytes)
C2 CompilerThread1    83637 49755       4       com.android.tools.r8.internal.jq0$$Lambda$4855/0x000002cc828ee648::a (14 bytes)
C2 CompilerThread2    83637 49745       4       com.android.tools.r8.internal.Wp0::a (25 bytes)
C2 CompilerThread3    83637 49752   !   4       com.android.tools.r8.internal.jq0::a (30 bytes)
C2 CompilerThread4    83637 49455       4       com.android.tools.r8.dex.C::a (836 bytes)
C2 CompilerThread5    83637 49450 %     4       com.android.tools.r8.dex.C::a @ 292 (997 bytes)

VM state: at safepoint (normal execution)

VM Mutex/Monitor currently owned by a thread:  ([mutex/lock_event])
[0x000002ccd563c5a0] Threads_lock - owner thread: 0x000002ccf66ba8c0
[0x000002ccd58c36b0] Heap_lock - owner thread: 0x000002ccd592f2a0

Heap address: 0x0000000080000000, size: 2048 MB, Compressed Oops mode: 32-bit

CDS archive(s) mapped at: [0x000002cc80000000-0x000002cc80bd0000-0x000002cc80bd0000), size 12386304, SharedBaseAddress: 0x000002cc80000000, ArchiveRelocationMode: 1.
Compressed class space mapped at: 0x000002cc81000000-0x000002cc9b000000, reserved size: 436207616
Narrow klass base: 0x000002cc80000000, Narrow klass shift: 0, Narrow klass range: 0x100000000

GC Precious Log:
 CPUs: 16 total, 16 available
 Memory: 16236M
 Large Page Support: Disabled
 NUMA Support: Disabled
 Compressed Oops: Enabled (32-bit)
 Heap Region Size: 1M
 Heap Min Capacity: 8M
 Heap Initial Capacity: 254M
 Heap Max Capacity: 2G
 Pre-touch: Disabled
 Parallel Workers: 13
 Concurrent Workers: 3
 Concurrent Refinement Workers: 13
 Periodic GC: Disabled

Heap:
 garbage-first heap   total 1163264K, used 892521K [0x0000000080000000, 0x0000000100000000)
  region size 1024K, 38 young (38912K), 6 survivors (6144K)
 Metaspace       used 203759K, committed 207040K, reserved 622592K
  class space    used 27579K, committed 28928K, reserved 425984K

Heap Regions: E=young(eden), S=young(survivor), O=old, HS=humongous(starts), HC=humongous(continues), CS=collection set, F=free, OA=open archive, CA=closed archive, TAMS=top-at-mark-start (previous, next)
|   0|0x0000000080000000, 0x0000000080100000, 0x0000000080100000|100%|HS|  |TAMS 0x0000000080100000, 0x0000000080000000| Complete 
|   1|0x0000000080100000, 0x0000000080200000, 0x0000000080200000|100%|HC|  |TAMS 0x0000000080200000, 0x0000000080100000| Complete 
|   2|0x0000000080200000, 0x0000000080300000, 0x0000000080300000|100%|HC|  |TAMS 0x0000000080300000, 0x0000000080200000| Complete 
|   3|0x0000000080300000, 0x0000000080400000, 0x0000000080400000|100%| O|  |TAMS 0x0000000080400000, 0x0000000080300000| Untracked 
|   4|0x0000000080400000, 0x0000000080500000, 0x0000000080500000|100%| O|  |TAMS 0x0000000080500000, 0x0000000080400000| Updating 
|   5|0x0000000080500000, 0x0000000080600000, 0x0000000080600000|100%| O|  |TAMS 0x0000000080600000, 0x0000000080500000| Untracked 
|   6|0x0000000080600000, 0x0000000080700000, 0x0000000080700000|100%| O|  |TAMS 0x0000000080700000, 0x0000000080600000| Untracked 
|   7|0x0000000080700000, 0x0000000080800000, 0x0000000080800000|100%|HS|  |TAMS 0x0000000080800000, 0x0000000080700000| Complete 
|   8|0x0000000080800000, 0x0000000080900000, 0x0000000080900000|100%| O|  |TAMS 0x0000000080900000, 0x0000000080800000| Untracked 
|   9|0x0000000080900000, 0x0000000080a00000, 0x0000000080a00000|100%| O|  |TAMS 0x0000000080a00000, 0x0000000080900000| Untracked 
|  10|0x0000000080a00000, 0x0000000080b00000, 0x0000000080b00000|100%| O|  |TAMS 0x0000000080b00000, 0x0000000080a00000| Untracked 
|  11|0x0000000080b00000, 0x0000000080c00000, 0x0000000080c00000|100%| O|  |TAMS 0x0000000080c00000, 0x0000000080b00000| Untracked 
|  12|0x0000000080c00000, 0x0000000080cb6c00, 0x0000000080d00000| 71%| O|  |TAMS 0x0000000080cb6c00, 0x0000000080c00000| Updating 
|  13|0x0000000080d00000, 0x0000000080e00000, 0x0000000080e00000|100%| O|  |TAMS 0x0000000080e00000, 0x0000000080d00000| Untracked 
|  14|0x0000000080e00000, 0x0000000080f00000, 0x0000000080f00000|100%| O|  |TAMS 0x0000000080f00000, 0x0000000080e00000| Untracked 
|  15|0x0000000080f00000, 0x0000000081000000, 0x0000000081000000|100%| O|  |TAMS 0x0000000081000000, 0x0000000080f00000| Untracked 
|  16|0x0000000081000000, 0x0000000081100000, 0x0000000081100000|100%| O|  |TAMS 0x0000000081100000, 0x0000000081000000| Untracked 
|  17|0x0000000081100000, 0x0000000081200000, 0x0000000081200000|100%| O|  |TAMS 0x0000000081200000, 0x0000000081100000| Untracked 
|  18|0x0000000081200000, 0x0000000081300000, 0x0000000081300000|100%| O|  |TAMS 0x0000000081300000, 0x0000000081200000| Untracked 
|  19|0x0000000081300000, 0x0000000081400000, 0x0000000081400000|100%| O|  |TAMS 0x0000000081400000, 0x0000000081300000| Untracked 
|  20|0x0000000081400000, 0x0000000081500000, 0x0000000081500000|100%| O|  |TAMS 0x0000000081500000, 0x0000000081400000| Untracked 
|  21|0x0000000081500000, 0x0000000081600000, 0x0000000081600000|100%| O|  |TAMS 0x0000000081600000, 0x0000000081500000| Untracked 
|  22|0x0000000081600000, 0x0000000081700000, 0x0000000081700000|100%| O|  |TAMS 0x0000000081700000, 0x0000000081600000| Untracked 
|  23|0x0000000081700000, 0x0000000081800000, 0x0000000081800000|100%| O|  |TAMS 0x0000000081800000, 0x0000000081700000| Untracked 
|  24|0x0000000081800000, 0x0000000081900000, 0x0000000081900000|100%| O|  |TAMS 0x0000000081900000, 0x0000000081800000| Updating 
|  25|0x0000000081900000, 0x0000000081a00000, 0x0000000081a00000|100%| O|  |TAMS 0x0000000081a00000, 0x0000000081900000| Untracked 
|  26|0x0000000081a00000, 0x0000000081b00000, 0x0000000081b00000|100%| O|  |TAMS 0x0000000081b00000, 0x0000000081a00000| Untracked 
|  27|0x0000000081b00000, 0x0000000081c00000, 0x0000000081c00000|100%| O|  |TAMS 0x0000000081c00000, 0x0000000081b00000| Untracked 
|  28|0x0000000081c00000, 0x0000000081d00000, 0x0000000081d00000|100%| O|  |TAMS 0x0000000081d00000, 0x0000000081c00000| Untracked 
|  29|0x0000000081d00000, 0x0000000081e00000, 0x0000000081e00000|100%| O|  |TAMS 0x0000000081e00000, 0x0000000081d00000| Updating 
|  30|0x0000000081e00000, 0x0000000081f00000, 0x0000000081f00000|100%| O|  |TAMS 0x0000000081f00000, 0x0000000081e00000| Untracked 
|  31|0x0000000081f00000, 0x0000000082000000, 0x0000000082000000|100%| O|  |TAMS 0x0000000082000000, 0x0000000081f00000| Updating 
|  32|0x0000000082000000, 0x0000000082100000, 0x0000000082100000|100%| O|  |TAMS 0x0000000082100000, 0x0000000082000000| Updating 
|  33|0x0000000082100000, 0x0000000082200000, 0x0000000082200000|100%| O|  |TAMS 0x0000000082200000, 0x0000000082100000| Updating 
|  34|0x0000000082200000, 0x0000000082300000, 0x0000000082300000|100%| O|  |TAMS 0x0000000082300000, 0x0000000082200000| Untracked 
|  35|0x0000000082300000, 0x0000000082400000, 0x0000000082400000|100%| O|  |TAMS 0x0000000082400000, 0x0000000082300000| Untracked 
|  36|0x0000000082400000, 0x0000000082500000, 0x0000000082500000|100%| O|  |TAMS 0x0000000082500000, 0x0000000082400000| Updating 
|  37|0x0000000082500000, 0x0000000082600000, 0x0000000082600000|100%| O|  |TAMS 0x0000000082600000, 0x0000000082500000| Updating 
|  38|0x0000000082600000, 0x0000000082700000, 0x0000000082700000|100%| O|  |TAMS 0x0000000082700000, 0x0000000082600000| Updating 
|  39|0x0000000082700000, 0x0000000082800000, 0x0000000082800000|100%| O|  |TAMS 0x0000000082800000, 0x0000000082700000| Untracked 
|  40|0x0000000082800000, 0x0000000082900000, 0x0000000082900000|100%| O|  |TAMS 0x0000000082900000, 0x0000000082800000| Updating 
|  41|0x0000000082900000, 0x0000000082a00000, 0x0000000082a00000|100%| O|  |TAMS 0x0000000082a00000, 0x0000000082900000| Updating 
|  42|0x0000000082a00000, 0x0000000082b00000, 0x0000000082b00000|100%| O|  |TAMS 0x0000000082b00000, 0x0000000082a00000| Updating 
|  43|0x0000000082b00000, 0x0000000082c00000, 0x0000000082c00000|100%| O|  |TAMS 0x0000000082c00000, 0x0000000082b00000| Untracked 
|  44|0x0000000082c00000, 0x0000000082d00000, 0x0000000082d00000|100%| O|  |TAMS 0x0000000082d00000, 0x0000000082c00000| Untracked 
|  45|0x0000000082d00000, 0x0000000082e00000, 0x0000000082e00000|100%| O|  |TAMS 0x0000000082e00000, 0x0000000082d00000| Updating 
|  46|0x0000000082e00000, 0x0000000082f00000, 0x0000000082f00000|100%| O|  |TAMS 0x0000000082f00000, 0x0000000082e00000| Untracked 
|  47|0x0000000082f00000, 0x0000000083000000, 0x0000000083000000|100%| O|  |TAMS 0x0000000083000000, 0x0000000082f00000| Untracked 
|  48|0x0000000083000000, 0x0000000083100000, 0x0000000083100000|100%| O|  |TAMS 0x0000000083100000, 0x0000000083000000| Untracked 
|  49|0x0000000083100000, 0x0000000083200000, 0x0000000083200000|100%| O|  |TAMS 0x0000000083200000, 0x0000000083100000| Updating 
|  50|0x0000000083200000, 0x0000000083300000, 0x0000000083300000|100%| O|  |TAMS 0x0000000083300000, 0x0000000083200000| Updating 
|  51|0x0000000083300000, 0x0000000083400000, 0x0000000083400000|100%|HS|  |TAMS 0x0000000083400000, 0x0000000083300000| Complete 
|  52|0x0000000083400000, 0x0000000083500000, 0x0000000083500000|100%|HC|  |TAMS 0x0000000083500000, 0x0000000083400000| Complete 
|  53|0x0000000083500000, 0x0000000083600000, 0x0000000083600000|100%|HS|  |TAMS 0x0000000083600000, 0x0000000083500000| Complete 
|  54|0x0000000083600000, 0x0000000083700000, 0x0000000083700000|100%|HC|  |TAMS 0x0000000083700000, 0x0000000083600000| Complete 
|  55|0x0000000083700000, 0x0000000083800000, 0x0000000083800000|100%|HC|  |TAMS 0x0000000083800000, 0x0000000083700000| Complete 
|  56|0x0000000083800000, 0x0000000083900000, 0x0000000083900000|100%|HS|  |TAMS 0x0000000083900000, 0x0000000083800000| Complete 
|  57|0x0000000083900000, 0x0000000083a00000, 0x0000000083a00000|100%|HC|  |TAMS 0x0000000083a00000, 0x0000000083900000| Complete 
|  58|0x0000000083a00000, 0x0000000083b00000, 0x0000000083b00000|100%| O|  |TAMS 0x0000000083b00000, 0x0000000083a00000| Updating 
|  59|0x0000000083b00000, 0x0000000083c00000, 0x0000000083c00000|100%| O|  |TAMS 0x0000000083c00000, 0x0000000083b00000| Updating 
|  60|0x0000000083c00000, 0x0000000083d00000, 0x0000000083d00000|100%| O|  |TAMS 0x0000000083d00000, 0x0000000083c00000| Untracked 
|  61|0x0000000083d00000, 0x0000000083e00000, 0x0000000083e00000|100%| O|  |TAMS 0x0000000083e00000, 0x0000000083d00000| Updating 
|  62|0x0000000083e00000, 0x0000000083f00000, 0x0000000083f00000|100%| O|  |TAMS 0x0000000083f00000, 0x0000000083e00000| Untracked 
|  63|0x0000000083f00000, 0x0000000084000000, 0x0000000084000000|100%|HS|  |TAMS 0x0000000084000000, 0x0000000083f00000| Complete 
|  64|0x0000000084000000, 0x0000000084100000, 0x0000000084100000|100%|HC|  |TAMS 0x0000000084100000, 0x0000000084000000| Complete 
|  65|0x0000000084100000, 0x0000000084200000, 0x0000000084200000|100%|HC|  |TAMS 0x0000000084200000, 0x0000000084100000| Complete 
|  66|0x0000000084200000, 0x0000000084300000, 0x0000000084300000|100%| O|  |TAMS 0x0000000084300000, 0x0000000084200000| Untracked 
|  67|0x0000000084300000, 0x0000000084400000, 0x0000000084400000|100%| O|  |TAMS 0x0000000084400000, 0x0000000084300000| Untracked 
|  68|0x0000000084400000, 0x0000000084500000, 0x0000000084500000|100%| O|  |TAMS 0x0000000084500000, 0x0000000084400000| Updating 
|  69|0x0000000084500000, 0x0000000084600000, 0x0000000084600000|100%|HS|  |TAMS 0x0000000084600000, 0x0000000084500000| Complete 
|  70|0x0000000084600000, 0x0000000084700000, 0x0000000084700000|100%|HC|  |TAMS 0x0000000084700000, 0x0000000084600000| Complete 
|  71|0x0000000084700000, 0x0000000084800000, 0x0000000084800000|100%|HS|  |TAMS 0x0000000084800000, 0x0000000084700000| Complete 
|  72|0x0000000084800000, 0x0000000084900000, 0x0000000084900000|100%|HC|  |TAMS 0x0000000084900000, 0x0000000084800000| Complete 
|  73|0x0000000084900000, 0x0000000084a00000, 0x0000000084a00000|100%|HS|  |TAMS 0x0000000084a00000, 0x0000000084900000| Complete 
|  74|0x0000000084a00000, 0x0000000084b00000, 0x0000000084b00000|100%|HC|  |TAMS 0x0000000084b00000, 0x0000000084a00000| Complete 
|  75|0x0000000084b00000, 0x0000000084c00000, 0x0000000084c00000|100%|HC|  |TAMS 0x0000000084c00000, 0x0000000084b00000| Complete 
|  76|0x0000000084c00000, 0x0000000084d00000, 0x0000000084d00000|100%|HC|  |TAMS 0x0000000084d00000, 0x0000000084c00000| Complete 
|  77|0x0000000084d00000, 0x0000000084e00000, 0x0000000084e00000|100%| O|  |TAMS 0x0000000084e00000, 0x0000000084d00000| Updating 
|  78|0x0000000084e00000, 0x0000000084f00000, 0x0000000084f00000|100%| O|  |TAMS 0x0000000084f00000, 0x0000000084e00000| Updating 
|  79|0x0000000084f00000, 0x0000000085000000, 0x0000000085000000|100%| O|  |TAMS 0x0000000085000000, 0x0000000084f00000| Updating 
|  80|0x0000000085000000, 0x0000000085100000, 0x0000000085100000|100%| O|  |TAMS 0x0000000085100000, 0x0000000085000000| Updating 
|  81|0x0000000085100000, 0x0000000085200000, 0x0000000085200000|100%|HS|  |TAMS 0x0000000085200000, 0x0000000085100000| Complete 
|  82|0x0000000085200000, 0x0000000085300000, 0x0000000085300000|100%|HS|  |TAMS 0x0000000085300000, 0x0000000085200000| Complete 
|  83|0x0000000085300000, 0x0000000085400000, 0x0000000085400000|100%|HC|  |TAMS 0x0000000085400000, 0x0000000085300000| Complete 
|  84|0x0000000085400000, 0x0000000085500000, 0x0000000085500000|100%|HC|  |TAMS 0x0000000085500000, 0x0000000085400000| Complete 
|  85|0x0000000085500000, 0x0000000085600000, 0x0000000085600000|100%|HC|  |TAMS 0x0000000085600000, 0x0000000085500000| Complete 
|  86|0x0000000085600000, 0x0000000085700000, 0x0000000085700000|100%| O|  |TAMS 0x0000000085700000, 0x0000000085600000| Updating 
|  87|0x0000000085700000, 0x0000000085800000, 0x0000000085800000|100%| O|  |TAMS 0x0000000085800000, 0x0000000085700000| Updating 
|  88|0x0000000085800000, 0x0000000085900000, 0x0000000085900000|100%| O|  |TAMS 0x0000000085900000, 0x0000000085800000| Updating 
|  89|0x0000000085900000, 0x0000000085a00000, 0x0000000085a00000|100%| O|  |TAMS 0x0000000085a00000, 0x0000000085900000| Updating 
|  90|0x0000000085a00000, 0x0000000085b00000, 0x0000000085b00000|100%| O|  |TAMS 0x0000000085b00000, 0x0000000085a00000| Updating 
|  91|0x0000000085b00000, 0x0000000085c00000, 0x0000000085c00000|100%|HS|  |TAMS 0x0000000085c00000, 0x0000000085b00000| Complete 
|  92|0x0000000085c00000, 0x0000000085d00000, 0x0000000085d00000|100%| O|  |TAMS 0x0000000085d00000, 0x0000000085c00000| Untracked 
|  93|0x0000000085d00000, 0x0000000085e00000, 0x0000000085e00000|100%| O|  |TAMS 0x0000000085e00000, 0x0000000085d00000| Untracked 
|  94|0x0000000085e00000, 0x0000000085f00000, 0x0000000085f00000|100%| O|  |TAMS 0x0000000085f00000, 0x0000000085e00000| Untracked 
|  95|0x0000000085f00000, 0x0000000086000000, 0x0000000086000000|100%| O|  |TAMS 0x0000000086000000, 0x0000000085f00000| Updating 
|  96|0x0000000086000000, 0x0000000086100000, 0x0000000086100000|100%| O|  |TAMS 0x0000000086100000, 0x0000000086000000| Untracked 
|  97|0x0000000086100000, 0x0000000086200000, 0x0000000086200000|100%| O|  |TAMS 0x0000000086200000, 0x0000000086100000| Updating 
|  98|0x0000000086200000, 0x0000000086200000, 0x0000000086300000|  0%| F|  |TAMS 0x0000000086200000, 0x0000000086200000| Untracked 
|  99|0x0000000086300000, 0x0000000086400000, 0x0000000086400000|100%| O|  |TAMS 0x0000000086400000, 0x0000000086300000| Untracked 
| 100|0x0000000086400000, 0x0000000086500000, 0x0000000086500000|100%| O|  |TAMS 0x0000000086500000, 0x0000000086400000| Updating 
| 101|0x0000000086500000, 0x0000000086500000, 0x0000000086600000|  0%| F|  |TAMS 0x0000000086500000, 0x0000000086500000| Untracked 
| 102|0x0000000086600000, 0x0000000086700000, 0x0000000086700000|100%| O|  |TAMS 0x0000000086700000, 0x0000000086600000| Updating 
| 103|0x0000000086700000, 0x0000000086800000, 0x0000000086800000|100%| O|  |TAMS 0x0000000086800000, 0x0000000086700000| Updating 
| 104|0x0000000086800000, 0x0000000086900000, 0x0000000086900000|100%| O|  |TAMS 0x0000000086900000, 0x0000000086800000| Updating 
| 105|0x0000000086900000, 0x0000000086a00000, 0x0000000086a00000|100%| O|  |TAMS 0x0000000086a00000, 0x0000000086900000| Updating 
| 106|0x0000000086a00000, 0x0000000086b00000, 0x0000000086b00000|100%| O|  |TAMS 0x0000000086b00000, 0x0000000086a00000| Updating 
| 107|0x0000000086b00000, 0x0000000086c00000, 0x0000000086c00000|100%| O|  |TAMS 0x0000000086c00000, 0x0000000086b00000| Updating 
| 108|0x0000000086c00000, 0x0000000086d00000, 0x0000000086d00000|100%| O|  |TAMS 0x0000000086d00000, 0x0000000086c00000| Updating 
| 109|0x0000000086d00000, 0x0000000086e00000, 0x0000000086e00000|100%| O|  |TAMS 0x0000000086e00000, 0x0000000086d00000| Updating 
| 110|0x0000000086e00000, 0x0000000086f00000, 0x0000000086f00000|100%| O|  |TAMS 0x0000000086f00000, 0x0000000086e00000| Untracked 
| 111|0x0000000086f00000, 0x0000000087000000, 0x0000000087000000|100%| O|  |TAMS 0x0000000087000000, 0x0000000086f00000| Updating 
| 112|0x0000000087000000, 0x0000000087100000, 0x0000000087100000|100%| O|  |TAMS 0x0000000087100000, 0x0000000087000000| Untracked 
| 113|0x0000000087100000, 0x0000000087200000, 0x0000000087200000|100%| O|  |TAMS 0x0000000087200000, 0x0000000087100000| Updating 
| 114|0x0000000087200000, 0x0000000087300000, 0x0000000087300000|100%| O|  |TAMS 0x0000000087300000, 0x0000000087200000| Untracked 
| 115|0x0000000087300000, 0x0000000087400000, 0x0000000087400000|100%| O|  |TAMS 0x0000000087400000, 0x0000000087300000| Updating 
| 116|0x0000000087400000, 0x0000000087500000, 0x0000000087500000|100%| O|  |TAMS 0x0000000087500000, 0x0000000087400000| Updating 
| 117|0x0000000087500000, 0x0000000087600000, 0x0000000087600000|100%| O|  |TAMS 0x0000000087600000, 0x0000000087500000| Updating 
| 118|0x0000000087600000, 0x0000000087700000, 0x0000000087700000|100%|HS|  |TAMS 0x0000000087700000, 0x0000000087600000| Complete 
| 119|0x0000000087700000, 0x0000000087800000, 0x0000000087800000|100%|HS|  |TAMS 0x0000000087800000, 0x0000000087700000| Complete 
| 120|0x0000000087800000, 0x0000000087900000, 0x0000000087900000|100%|HS|  |TAMS 0x0000000087900000, 0x0000000087800000| Complete 
| 121|0x0000000087900000, 0x0000000087a00000, 0x0000000087a00000|100%|HS|  |TAMS 0x0000000087a00000, 0x0000000087900000| Complete 
| 122|0x0000000087a00000, 0x0000000087b00000, 0x0000000087b00000|100%| O|  |TAMS 0x0000000087b00000, 0x0000000087a00000| Untracked 
| 123|0x0000000087b00000, 0x0000000087c00000, 0x0000000087c00000|100%| O|  |TAMS 0x0000000087c00000, 0x0000000087b00000| Untracked 
| 124|0x0000000087c00000, 0x0000000087d00000, 0x0000000087d00000|100%| O|  |TAMS 0x0000000087d00000, 0x0000000087c00000| Untracked 
| 125|0x0000000087d00000, 0x0000000087e00000, 0x0000000087e00000|100%| O|  |TAMS 0x0000000087e00000, 0x0000000087d00000| Untracked 
| 126|0x0000000087e00000, 0x0000000087f00000, 0x0000000087f00000|100%| O|  |TAMS 0x0000000087f00000, 0x0000000087e00000| Untracked 
| 127|0x0000000087f00000, 0x0000000088000000, 0x0000000088000000|100%| O|  |TAMS 0x0000000088000000, 0x0000000087f00000| Updating 
| 128|0x0000000088000000, 0x0000000088100000, 0x0000000088100000|100%| O|  |TAMS 0x0000000088100000, 0x0000000088000000| Updating 
| 129|0x0000000088100000, 0x0000000088200000, 0x0000000088200000|100%| O|  |TAMS 0x0000000088200000, 0x0000000088100000| Updating 
| 130|0x0000000088200000, 0x0000000088300000, 0x0000000088300000|100%| O|  |TAMS 0x0000000088300000, 0x0000000088200000| Updating 
| 131|0x0000000088300000, 0x0000000088400000, 0x0000000088400000|100%| O|  |TAMS 0x0000000088400000, 0x0000000088300000| Updating 
| 132|0x0000000088400000, 0x0000000088500000, 0x0000000088500000|100%|HS|  |TAMS 0x0000000088500000, 0x0000000088400000| Complete 
| 133|0x0000000088500000, 0x0000000088600000, 0x0000000088600000|100%|HS|  |TAMS 0x0000000088600000, 0x0000000088500000| Complete 
| 134|0x0000000088600000, 0x0000000088700000, 0x0000000088700000|100%|HS|  |TAMS 0x0000000088700000, 0x0000000088600000| Complete 
| 135|0x0000000088700000, 0x0000000088800000, 0x0000000088800000|100%|HC|  |TAMS 0x0000000088800000, 0x0000000088700000| Complete 
| 136|0x0000000088800000, 0x0000000088900000, 0x0000000088900000|100%| O|  |TAMS 0x0000000088900000, 0x0000000088800000| Updating 
| 137|0x0000000088900000, 0x0000000088a00000, 0x0000000088a00000|100%| O|  |TAMS 0x0000000088a00000, 0x0000000088900000| Updating 
| 138|0x0000000088a00000, 0x0000000088b00000, 0x0000000088b00000|100%|HS|  |TAMS 0x0000000088b00000, 0x0000000088a00000| Complete 
| 139|0x0000000088b00000, 0x0000000088c00000, 0x0000000088c00000|100%| O|  |TAMS 0x0000000088c00000, 0x0000000088b00000| Untracked 
| 140|0x0000000088c00000, 0x0000000088d00000, 0x0000000088d00000|100%| O|  |TAMS 0x0000000088d00000, 0x0000000088c00000| Untracked 
| 141|0x0000000088d00000, 0x0000000088e00000, 0x0000000088e00000|100%| O|  |TAMS 0x0000000088e00000, 0x0000000088d00000| Updating 
| 142|0x0000000088e00000, 0x0000000088f00000, 0x0000000088f00000|100%| O|  |TAMS 0x0000000088f00000, 0x0000000088e00000| Updating 
| 143|0x0000000088f00000, 0x0000000089000000, 0x0000000089000000|100%| O|  |TAMS 0x0000000089000000, 0x0000000088f00000| Updating 
| 144|0x0000000089000000, 0x0000000089100000, 0x0000000089100000|100%| O|  |TAMS 0x0000000089100000, 0x0000000089000000| Untracked 
| 145|0x0000000089100000, 0x0000000089200000, 0x0000000089200000|100%| O|  |TAMS 0x0000000089200000, 0x0000000089100000| Untracked 
| 146|0x0000000089200000, 0x0000000089300000, 0x0000000089300000|100%| O|  |TAMS 0x0000000089300000, 0x0000000089200000| Untracked 
| 147|0x0000000089300000, 0x0000000089400000, 0x0000000089400000|100%| O|  |TAMS 0x0000000089400000, 0x0000000089300000| Untracked 
| 148|0x0000000089400000, 0x0000000089500000, 0x0000000089500000|100%| O|  |TAMS 0x0000000089500000, 0x0000000089400000| Untracked 
| 149|0x0000000089500000, 0x0000000089600000, 0x0000000089600000|100%| O|  |TAMS 0x0000000089600000, 0x0000000089500000| Untracked 
| 150|0x0000000089600000, 0x0000000089700000, 0x0000000089700000|100%| O|  |TAMS 0x0000000089700000, 0x0000000089600000| Untracked 
| 151|0x0000000089700000, 0x0000000089800000, 0x0000000089800000|100%| O|  |TAMS 0x0000000089800000, 0x0000000089700000| Untracked 
| 152|0x0000000089800000, 0x0000000089900000, 0x0000000089900000|100%| O|  |TAMS 0x0000000089900000, 0x0000000089800000| Untracked 
| 153|0x0000000089900000, 0x0000000089a00000, 0x0000000089a00000|100%| O|  |TAMS 0x0000000089a00000, 0x0000000089900000| Untracked 
| 154|0x0000000089a00000, 0x0000000089b00000, 0x0000000089b00000|100%| O|  |TAMS 0x0000000089b00000, 0x0000000089a00000| Updating 
| 155|0x0000000089b00000, 0x0000000089c00000, 0x0000000089c00000|100%| O|  |TAMS 0x0000000089c00000, 0x0000000089b00000| Untracked 
| 156|0x0000000089c00000, 0x0000000089d00000, 0x0000000089d00000|100%| O|  |TAMS 0x0000000089d00000, 0x0000000089c00000| Updating 
| 157|0x0000000089d00000, 0x0000000089e00000, 0x0000000089e00000|100%| O|  |TAMS 0x0000000089e00000, 0x0000000089d00000| Untracked 
| 158|0x0000000089e00000, 0x0000000089f00000, 0x0000000089f00000|100%| O|  |TAMS 0x0000000089f00000, 0x0000000089e00000| Untracked 
| 159|0x0000000089f00000, 0x000000008a000000, 0x000000008a000000|100%| O|  |TAMS 0x000000008a000000, 0x0000000089f00000| Untracked 
| 160|0x000000008a000000, 0x000000008a100000, 0x000000008a100000|100%| O|  |TAMS 0x000000008a100000, 0x000000008a000000| Untracked 
| 161|0x000000008a100000, 0x000000008a200000, 0x000000008a200000|100%| O|  |TAMS 0x000000008a200000, 0x000000008a100000| Untracked 
| 162|0x000000008a200000, 0x000000008a300000, 0x000000008a300000|100%| O|  |TAMS 0x000000008a300000, 0x000000008a200000| Updating 
| 163|0x000000008a300000, 0x000000008a400000, 0x000000008a400000|100%| O|  |TAMS 0x000000008a400000, 0x000000008a300000| Updating 
| 164|0x000000008a400000, 0x000000008a500000, 0x000000008a500000|100%| O|  |TAMS 0x000000008a500000, 0x000000008a400000| Untracked 
| 165|0x000000008a500000, 0x000000008a600000, 0x000000008a600000|100%| O|  |TAMS 0x000000008a600000, 0x000000008a500000| Untracked 
| 166|0x000000008a600000, 0x000000008a700000, 0x000000008a700000|100%| O|  |TAMS 0x000000008a700000, 0x000000008a600000| Updating 
| 167|0x000000008a700000, 0x000000008a800000, 0x000000008a800000|100%| O|  |TAMS 0x000000008a800000, 0x000000008a700000| Untracked 
| 168|0x000000008a800000, 0x000000008a900000, 0x000000008a900000|100%| O|  |TAMS 0x000000008a900000, 0x000000008a800000| Updating 
| 169|0x000000008a900000, 0x000000008aa00000, 0x000000008aa00000|100%| O|  |TAMS 0x000000008aa00000, 0x000000008a900000| Untracked 
| 170|0x000000008aa00000, 0x000000008ab00000, 0x000000008ab00000|100%| O|  |TAMS 0x000000008ab00000, 0x000000008aa00000| Untracked 
| 171|0x000000008ab00000, 0x000000008ac00000, 0x000000008ac00000|100%| O|  |TAMS 0x000000008ac00000, 0x000000008ab00000| Untracked 
| 172|0x000000008ac00000, 0x000000008ad00000, 0x000000008ad00000|100%| O|  |TAMS 0x000000008ad00000, 0x000000008ac00000| Untracked 
| 173|0x000000008ad00000, 0x000000008ae00000, 0x000000008ae00000|100%| O|  |TAMS 0x000000008ae00000, 0x000000008ad00000| Untracked 
| 174|0x000000008ae00000, 0x000000008af00000, 0x000000008af00000|100%| O|  |TAMS 0x000000008af00000, 0x000000008ae00000| Updating 
| 175|0x000000008af00000, 0x000000008b000000, 0x000000008b000000|100%| O|  |TAMS 0x000000008b000000, 0x000000008af00000| Updating 
| 176|0x000000008b000000, 0x000000008b100000, 0x000000008b100000|100%| O|  |TAMS 0x000000008b100000, 0x000000008b000000| Untracked 
| 177|0x000000008b100000, 0x000000008b200000, 0x000000008b200000|100%| O|  |TAMS 0x000000008b200000, 0x000000008b100000| Updating 
| 178|0x000000008b200000, 0x000000008b300000, 0x000000008b300000|100%| O|  |TAMS 0x000000008b300000, 0x000000008b200000| Updating 
| 179|0x000000008b300000, 0x000000008b400000, 0x000000008b400000|100%| O|  |TAMS 0x000000008b400000, 0x000000008b300000| Untracked 
| 180|0x000000008b400000, 0x000000008b500000, 0x000000008b500000|100%| O|  |TAMS 0x000000008b500000, 0x000000008b400000| Untracked 
| 181|0x000000008b500000, 0x000000008b500000, 0x000000008b600000|  0%| F|  |TAMS 0x000000008b500000, 0x000000008b500000| Untracked 
| 182|0x000000008b600000, 0x000000008b700000, 0x000000008b700000|100%| O|  |TAMS 0x000000008b700000, 0x000000008b600000| Untracked 
| 183|0x000000008b700000, 0x000000008b800000, 0x000000008b800000|100%| O|  |TAMS 0x000000008b800000, 0x000000008b700000| Updating 
| 184|0x000000008b800000, 0x000000008b900000, 0x000000008b900000|100%| O|  |TAMS 0x000000008b900000, 0x000000008b800000| Untracked 
| 185|0x000000008b900000, 0x000000008ba00000, 0x000000008ba00000|100%| O|  |TAMS 0x000000008ba00000, 0x000000008b900000| Updating 
| 186|0x000000008ba00000, 0x000000008bb00000, 0x000000008bb00000|100%| O|  |TAMS 0x000000008bb00000, 0x000000008ba00000| Untracked 
| 187|0x000000008bb00000, 0x000000008bb00000, 0x000000008bc00000|  0%| F|  |TAMS 0x000000008bb00000, 0x000000008bb00000| Untracked 
| 188|0x000000008bc00000, 0x000000008bd00000, 0x000000008bd00000|100%| O|  |TAMS 0x000000008bd00000, 0x000000008bc00000| Updating 
| 189|0x000000008bd00000, 0x000000008be00000, 0x000000008be00000|100%| O|  |TAMS 0x000000008be00000, 0x000000008bd00000| Updating 
| 190|0x000000008be00000, 0x000000008bf00000, 0x000000008bf00000|100%| O|  |TAMS 0x000000008bf00000, 0x000000008be00000| Updating 
| 191|0x000000008bf00000, 0x000000008c000000, 0x000000008c000000|100%| O|  |TAMS 0x000000008c000000, 0x000000008bf00000| Untracked 
| 192|0x000000008c000000, 0x000000008c100000, 0x000000008c100000|100%| O|  |TAMS 0x000000008c100000, 0x000000008c000000| Updating 
| 193|0x000000008c100000, 0x000000008c200000, 0x000000008c200000|100%| O|  |TAMS 0x000000008c200000, 0x000000008c100000| Updating 
| 194|0x000000008c200000, 0x000000008c300000, 0x000000008c300000|100%| O|  |TAMS 0x000000008c300000, 0x000000008c200000| Updating 
| 195|0x000000008c300000, 0x000000008c400000, 0x000000008c400000|100%| O|  |TAMS 0x000000008c400000, 0x000000008c300000| Updating 
| 196|0x000000008c400000, 0x000000008c500000, 0x000000008c500000|100%| O|  |TAMS 0x000000008c500000, 0x000000008c400000| Updating 
| 197|0x000000008c500000, 0x000000008c500000, 0x000000008c600000|  0%| F|  |TAMS 0x000000008c500000, 0x000000008c500000| Untracked 
| 198|0x000000008c600000, 0x000000008c700000, 0x000000008c700000|100%| O|  |TAMS 0x000000008c700000, 0x000000008c600000| Untracked 
| 199|0x000000008c700000, 0x000000008c800000, 0x000000008c800000|100%| O|  |TAMS 0x000000008c800000, 0x000000008c700000| Untracked 
| 200|0x000000008c800000, 0x000000008c900000, 0x000000008c900000|100%| O|  |TAMS 0x000000008c900000, 0x000000008c800000| Untracked 
| 201|0x000000008c900000, 0x000000008ca00000, 0x000000008ca00000|100%| O|  |TAMS 0x000000008ca00000, 0x000000008c900000| Updating 
| 202|0x000000008ca00000, 0x000000008cb00000, 0x000000008cb00000|100%| O|  |TAMS 0x000000008cb00000, 0x000000008ca00000| Updating 
| 203|0x000000008cb00000, 0x000000008cc00000, 0x000000008cc00000|100%| O|  |TAMS 0x000000008cc00000, 0x000000008cb00000| Untracked 
| 204|0x000000008cc00000, 0x000000008cd00000, 0x000000008cd00000|100%| O|  |TAMS 0x000000008cd00000, 0x000000008cc00000| Untracked 
| 205|0x000000008cd00000, 0x000000008ce00000, 0x000000008ce00000|100%| O|  |TAMS 0x000000008ce00000, 0x000000008cd00000| Untracked 
| 206|0x000000008ce00000, 0x000000008cf00000, 0x000000008cf00000|100%| O|  |TAMS 0x000000008cf00000, 0x000000008ce00000| Untracked 
| 207|0x000000008cf00000, 0x000000008d000000, 0x000000008d000000|100%| O|  |TAMS 0x000000008d000000, 0x000000008cf00000| Untracked 
| 208|0x000000008d000000, 0x000000008d100000, 0x000000008d100000|100%| O|  |TAMS 0x000000008d100000, 0x000000008d000000| Untracked 
| 209|0x000000008d100000, 0x000000008d200000, 0x000000008d200000|100%| O|  |TAMS 0x000000008d200000, 0x000000008d100000| Untracked 
| 210|0x000000008d200000, 0x000000008d300000, 0x000000008d300000|100%| O|  |TAMS 0x000000008d300000, 0x000000008d200000| Updating 
| 211|0x000000008d300000, 0x000000008d400000, 0x000000008d400000|100%| O|  |TAMS 0x000000008d400000, 0x000000008d300000| Updating 
| 212|0x000000008d400000, 0x000000008d500000, 0x000000008d500000|100%| O|  |TAMS 0x000000008d500000, 0x000000008d400000| Untracked 
| 213|0x000000008d500000, 0x000000008d600000, 0x000000008d600000|100%| O|  |TAMS 0x000000008d600000, 0x000000008d500000| Updating 
| 214|0x000000008d600000, 0x000000008d700000, 0x000000008d700000|100%| O|  |TAMS 0x000000008d700000, 0x000000008d600000| Untracked 
| 215|0x000000008d700000, 0x000000008d800000, 0x000000008d800000|100%| O|  |TAMS 0x000000008d800000, 0x000000008d700000| Untracked 
| 216|0x000000008d800000, 0x000000008d900000, 0x000000008d900000|100%| O|  |TAMS 0x000000008d900000, 0x000000008d800000| Untracked 
| 217|0x000000008d900000, 0x000000008da00000, 0x000000008da00000|100%| O|  |TAMS 0x000000008da00000, 0x000000008d900000| Updating 
| 218|0x000000008da00000, 0x000000008db00000, 0x000000008db00000|100%| O|  |TAMS 0x000000008db00000, 0x000000008da00000| Untracked 
| 219|0x000000008db00000, 0x000000008dc00000, 0x000000008dc00000|100%| O|  |TAMS 0x000000008dc00000, 0x000000008db00000| Updating 
| 220|0x000000008dc00000, 0x000000008dd00000, 0x000000008dd00000|100%| O|  |TAMS 0x000000008dd00000, 0x000000008dc00000| Updating 
| 221|0x000000008dd00000, 0x000000008de00000, 0x000000008de00000|100%| O|  |TAMS 0x000000008de00000, 0x000000008dd00000| Updating 
| 222|0x000000008de00000, 0x000000008df00000, 0x000000008df00000|100%| O|  |TAMS 0x000000008df00000, 0x000000008de00000| Updating 
| 223|0x000000008df00000, 0x000000008e000000, 0x000000008e000000|100%| O|  |TAMS 0x000000008e000000, 0x000000008df00000| Untracked 
| 224|0x000000008e000000, 0x000000008e100000, 0x000000008e100000|100%| O|  |TAMS 0x000000008e100000, 0x000000008e000000| Untracked 
| 225|0x000000008e100000, 0x000000008e200000, 0x000000008e200000|100%| O|  |TAMS 0x000000008e200000, 0x000000008e100000| Untracked 
| 226|0x000000008e200000, 0x000000008e300000, 0x000000008e300000|100%| O|  |TAMS 0x000000008e300000, 0x000000008e200000| Untracked 
| 227|0x000000008e300000, 0x000000008e400000, 0x000000008e400000|100%| O|  |TAMS 0x000000008e400000, 0x000000008e300000| Untracked 
| 228|0x000000008e400000, 0x000000008e500000, 0x000000008e500000|100%| O|  |TAMS 0x000000008e500000, 0x000000008e400000| Updating 
| 229|0x000000008e500000, 0x000000008e600000, 0x000000008e600000|100%| O|  |TAMS 0x000000008e600000, 0x000000008e500000| Untracked 
| 230|0x000000008e600000, 0x000000008e700000, 0x000000008e700000|100%| O|  |TAMS 0x000000008e700000, 0x000000008e600000| Untracked 
| 231|0x000000008e700000, 0x000000008e800000, 0x000000008e800000|100%| O|  |TAMS 0x000000008e800000, 0x000000008e700000| Updating 
| 232|0x000000008e800000, 0x000000008e900000, 0x000000008e900000|100%| O|  |TAMS 0x000000008e900000, 0x000000008e800000| Untracked 
| 233|0x000000008e900000, 0x000000008ea00000, 0x000000008ea00000|100%| O|  |TAMS 0x000000008ea00000, 0x000000008e900000| Untracked 
| 234|0x000000008ea00000, 0x000000008eb00000, 0x000000008eb00000|100%| O|  |TAMS 0x000000008eb00000, 0x000000008ea00000| Updating 
| 235|0x000000008eb00000, 0x000000008ec00000, 0x000000008ec00000|100%| O|  |TAMS 0x000000008ec00000, 0x000000008eb00000| Updating 
| 236|0x000000008ec00000, 0x000000008ed00000, 0x000000008ed00000|100%| O|  |TAMS 0x000000008ed00000, 0x000000008ec00000| Updating 
| 237|0x000000008ed00000, 0x000000008ee00000, 0x000000008ee00000|100%| O|  |TAMS 0x000000008ee00000, 0x000000008ed00000| Untracked 
| 238|0x000000008ee00000, 0x000000008ef00000, 0x000000008ef00000|100%| O|  |TAMS 0x000000008ef00000, 0x000000008ee00000| Updating 
| 239|0x000000008ef00000, 0x000000008f000000, 0x000000008f000000|100%| O|  |TAMS 0x000000008f000000, 0x000000008ef00000| Untracked 
| 240|0x000000008f000000, 0x000000008f100000, 0x000000008f100000|100%| O|  |TAMS 0x000000008f100000, 0x000000008f000000| Untracked 
| 241|0x000000008f100000, 0x000000008f200000, 0x000000008f200000|100%| O|  |TAMS 0x000000008f200000, 0x000000008f100000| Untracked 
| 242|0x000000008f200000, 0x000000008f300000, 0x000000008f300000|100%| O|  |TAMS 0x000000008f300000, 0x000000008f200000| Untracked 
| 243|0x000000008f300000, 0x000000008f400000, 0x000000008f400000|100%| O|  |TAMS 0x000000008f400000, 0x000000008f300000| Untracked 
| 244|0x000000008f400000, 0x000000008f500000, 0x000000008f500000|100%| O|  |TAMS 0x000000008f500000, 0x000000008f400000| Untracked 
| 245|0x000000008f500000, 0x000000008f600000, 0x000000008f600000|100%| O|  |TAMS 0x000000008f600000, 0x000000008f500000| Updating 
| 246|0x000000008f600000, 0x000000008f700000, 0x000000008f700000|100%| O|  |TAMS 0x000000008f700000, 0x000000008f600000| Untracked 
| 247|0x000000008f700000, 0x000000008f800000, 0x000000008f800000|100%|HS|  |TAMS 0x000000008f800000, 0x000000008f700000| Complete 
| 248|0x000000008f800000, 0x000000008f900000, 0x000000008f900000|100%|HS|  |TAMS 0x000000008f900000, 0x000000008f800000| Complete 
| 249|0x000000008f900000, 0x000000008fa00000, 0x000000008fa00000|100%| O|  |TAMS 0x000000008fa00000, 0x000000008f900000| Untracked 
| 250|0x000000008fa00000, 0x000000008fb00000, 0x000000008fb00000|100%| O|  |TAMS 0x000000008fb00000, 0x000000008fa00000| Updating 
| 251|0x000000008fb00000, 0x000000008fc00000, 0x000000008fc00000|100%| O|  |TAMS 0x000000008fc00000, 0x000000008fb00000| Untracked 
| 252|0x000000008fc00000, 0x000000008fd00000, 0x000000008fd00000|100%| O|  |TAMS 0x000000008fd00000, 0x000000008fc00000| Updating 
| 253|0x000000008fd00000, 0x000000008fe00000, 0x000000008fe00000|100%| O|  |TAMS 0x000000008fe00000, 0x000000008fd00000| Untracked 
| 254|0x000000008fe00000, 0x000000008ff00000, 0x000000008ff00000|100%| O|  |TAMS 0x000000008ff00000, 0x000000008fe00000| Untracked 
| 255|0x000000008ff00000, 0x0000000090000000, 0x0000000090000000|100%| O|  |TAMS 0x0000000090000000, 0x000000008ff00000| Untracked 
| 256|0x0000000090000000, 0x0000000090100000, 0x0000000090100000|100%| O|  |TAMS 0x0000000090100000, 0x0000000090000000| Untracked 
| 257|0x0000000090100000, 0x0000000090200000, 0x0000000090200000|100%| O|  |TAMS 0x0000000090200000, 0x0000000090100000| Updating 
| 258|0x0000000090200000, 0x0000000090300000, 0x0000000090300000|100%| O|  |TAMS 0x0000000090300000, 0x0000000090200000| Updating 
| 259|0x0000000090300000, 0x0000000090400000, 0x0000000090400000|100%| O|  |TAMS 0x0000000090400000, 0x0000000090300000| Updating 
| 260|0x0000000090400000, 0x0000000090500000, 0x0000000090500000|100%| O|  |TAMS 0x0000000090500000, 0x0000000090400000| Untracked 
| 261|0x0000000090500000, 0x0000000090600000, 0x0000000090600000|100%| O|  |TAMS 0x0000000090600000, 0x0000000090500000| Updating 
| 262|0x0000000090600000, 0x0000000090700000, 0x0000000090700000|100%| O|  |TAMS 0x0000000090700000, 0x0000000090600000| Updating 
| 263|0x0000000090700000, 0x0000000090800000, 0x0000000090800000|100%| O|  |TAMS 0x0000000090800000, 0x0000000090700000| Untracked 
| 264|0x0000000090800000, 0x0000000090900000, 0x0000000090900000|100%| O|  |TAMS 0x0000000090900000, 0x0000000090800000| Updating 
| 265|0x0000000090900000, 0x0000000090a00000, 0x0000000090a00000|100%| O|  |TAMS 0x0000000090a00000, 0x0000000090900000| Updating 
| 266|0x0000000090a00000, 0x0000000090b00000, 0x0000000090b00000|100%| O|  |TAMS 0x0000000090b00000, 0x0000000090a00000| Untracked 
| 267|0x0000000090b00000, 0x0000000090c00000, 0x0000000090c00000|100%| O|  |TAMS 0x0000000090c00000, 0x0000000090b00000| Updating 
| 268|0x0000000090c00000, 0x0000000090d00000, 0x0000000090d00000|100%| O|  |TAMS 0x0000000090d00000, 0x0000000090c00000| Updating 
| 269|0x0000000090d00000, 0x0000000090e00000, 0x0000000090e00000|100%| O|  |TAMS 0x0000000090e00000, 0x0000000090d00000| Untracked 
| 270|0x0000000090e00000, 0x0000000090f00000, 0x0000000090f00000|100%| O|  |TAMS 0x0000000090f00000, 0x0000000090e00000| Untracked 
| 271|0x0000000090f00000, 0x0000000091000000, 0x0000000091000000|100%| O|  |TAMS 0x0000000091000000, 0x0000000090f00000| Untracked 
| 272|0x0000000091000000, 0x0000000091100000, 0x0000000091100000|100%| O|  |TAMS 0x0000000091100000, 0x0000000091000000| Untracked 
| 273|0x0000000091100000, 0x0000000091200000, 0x0000000091200000|100%| O|  |TAMS 0x0000000091200000, 0x0000000091100000| Untracked 
| 274|0x0000000091200000, 0x0000000091300000, 0x0000000091300000|100%|HS|  |TAMS 0x0000000091300000, 0x0000000091200000| Complete 
| 275|0x0000000091300000, 0x0000000091400000, 0x0000000091400000|100%|HS|  |TAMS 0x0000000091400000, 0x0000000091300000| Complete 
| 276|0x0000000091400000, 0x0000000091500000, 0x0000000091500000|100%| O|  |TAMS 0x0000000091500000, 0x0000000091400000| Untracked 
| 277|0x0000000091500000, 0x0000000091500000, 0x0000000091600000|  0%| F|  |TAMS 0x0000000091500000, 0x0000000091500000| Untracked 
| 278|0x0000000091600000, 0x0000000091700000, 0x0000000091700000|100%| O|  |TAMS 0x0000000091700000, 0x0000000091600000| Updating 
| 279|0x0000000091700000, 0x0000000091800000, 0x0000000091800000|100%| O|  |TAMS 0x0000000091800000, 0x0000000091700000| Updating 
| 280|0x0000000091800000, 0x0000000091900000, 0x0000000091900000|100%| O|  |TAMS 0x0000000091900000, 0x0000000091800000| Untracked 
| 281|0x0000000091900000, 0x0000000091a00000, 0x0000000091a00000|100%| O|  |TAMS 0x0000000091a00000, 0x0000000091900000| Untracked 
| 282|0x0000000091a00000, 0x0000000091b00000, 0x0000000091b00000|100%| O|  |TAMS 0x0000000091b00000, 0x0000000091a00000| Untracked 
| 283|0x0000000091b00000, 0x0000000091c00000, 0x0000000091c00000|100%| O|  |TAMS 0x0000000091c00000, 0x0000000091b00000| Untracked 
| 284|0x0000000091c00000, 0x0000000091d00000, 0x0000000091d00000|100%| O|  |TAMS 0x0000000091d00000, 0x0000000091c00000| Updating 
| 285|0x0000000091d00000, 0x0000000091d00000, 0x0000000091e00000|  0%| F|  |TAMS 0x0000000091d00000, 0x0000000091d00000| Untracked 
| 286|0x0000000091e00000, 0x0000000091f00000, 0x0000000091f00000|100%| O|  |TAMS 0x0000000091f00000, 0x0000000091e00000| Updating 
| 287|0x0000000091f00000, 0x0000000092000000, 0x0000000092000000|100%| O|  |TAMS 0x0000000092000000, 0x0000000091f00000| Untracked 
| 288|0x0000000092000000, 0x0000000092100000, 0x0000000092100000|100%| O|  |TAMS 0x0000000092100000, 0x0000000092000000| Untracked 
| 289|0x0000000092100000, 0x0000000092200000, 0x0000000092200000|100%| O|  |TAMS 0x0000000092200000, 0x0000000092100000| Untracked 
| 290|0x0000000092200000, 0x0000000092300000, 0x0000000092300000|100%| O|  |TAMS 0x0000000092300000, 0x0000000092200000| Updating 
| 291|0x0000000092300000, 0x0000000092400000, 0x0000000092400000|100%| O|  |TAMS 0x0000000092400000, 0x0000000092300000| Updating 
| 292|0x0000000092400000, 0x0000000092500000, 0x0000000092500000|100%|HS|  |TAMS 0x0000000092500000, 0x0000000092400000| Complete 
| 293|0x0000000092500000, 0x0000000092600000, 0x0000000092600000|100%| O|  |TAMS 0x0000000092600000, 0x0000000092500000| Updating 
| 294|0x0000000092600000, 0x0000000092600000, 0x0000000092700000|  0%| F|  |TAMS 0x0000000092600000, 0x0000000092600000| Untracked 
| 295|0x0000000092700000, 0x0000000092800000, 0x0000000092800000|100%| O|  |TAMS 0x0000000092800000, 0x0000000092700000| Updating 
| 296|0x0000000092800000, 0x0000000092900000, 0x0000000092900000|100%| O|  |TAMS 0x0000000092900000, 0x0000000092800000| Untracked 
| 297|0x0000000092900000, 0x0000000092a00000, 0x0000000092a00000|100%| O|  |TAMS 0x0000000092a00000, 0x0000000092900000| Untracked 
| 298|0x0000000092a00000, 0x0000000092b00000, 0x0000000092b00000|100%| O|  |TAMS 0x0000000092b00000, 0x0000000092a00000| Updating 
| 299|0x0000000092b00000, 0x0000000092c00000, 0x0000000092c00000|100%| O|  |TAMS 0x0000000092c00000, 0x0000000092b00000| Updating 
| 300|0x0000000092c00000, 0x0000000092c00000, 0x0000000092d00000|  0%| F|  |TAMS 0x0000000092c00000, 0x0000000092c00000| Untracked 
| 301|0x0000000092d00000, 0x0000000092e00000, 0x0000000092e00000|100%| O|  |TAMS 0x0000000092e00000, 0x0000000092d00000| Untracked 
| 302|0x0000000092e00000, 0x0000000092e00000, 0x0000000092f00000|  0%| F|  |TAMS 0x0000000092e00000, 0x0000000092e00000| Untracked 
| 303|0x0000000092f00000, 0x0000000093000000, 0x0000000093000000|100%| O|  |TAMS 0x0000000093000000, 0x0000000092f00000| Updating 
| 304|0x0000000093000000, 0x0000000093100000, 0x0000000093100000|100%| O|  |TAMS 0x0000000093100000, 0x0000000093000000| Untracked 
| 305|0x0000000093100000, 0x0000000093200000, 0x0000000093200000|100%| O|  |TAMS 0x0000000093200000, 0x0000000093100000| Untracked 
| 306|0x0000000093200000, 0x0000000093300000, 0x0000000093300000|100%| O|  |TAMS 0x0000000093300000, 0x0000000093200000| Untracked 
| 307|0x0000000093300000, 0x0000000093400000, 0x0000000093400000|100%| O|  |TAMS 0x0000000093400000, 0x0000000093300000| Untracked 
| 308|0x0000000093400000, 0x0000000093500000, 0x0000000093500000|100%|HS|  |TAMS 0x0000000093500000, 0x0000000093400000| Complete 
| 309|0x0000000093500000, 0x0000000093600000, 0x0000000093600000|100%| O|  |TAMS 0x0000000093600000, 0x0000000093500000| Untracked 
| 310|0x0000000093600000, 0x0000000093700000, 0x0000000093700000|100%| O|  |TAMS 0x0000000093700000, 0x0000000093600000| Untracked 
| 311|0x0000000093700000, 0x0000000093800000, 0x0000000093800000|100%| O|  |TAMS 0x0000000093800000, 0x0000000093700000| Untracked 
| 312|0x0000000093800000, 0x0000000093900000, 0x0000000093900000|100%| O|  |TAMS 0x0000000093900000, 0x0000000093800000| Untracked 
| 313|0x0000000093900000, 0x0000000093a00000, 0x0000000093a00000|100%| O|  |TAMS 0x0000000093a00000, 0x0000000093900000| Untracked 
| 314|0x0000000093a00000, 0x0000000093b00000, 0x0000000093b00000|100%| O|  |TAMS 0x0000000093b00000, 0x0000000093a00000| Untracked 
| 315|0x0000000093b00000, 0x0000000093c00000, 0x0000000093c00000|100%| O|  |TAMS 0x0000000093c00000, 0x0000000093b00000| Untracked 
| 316|0x0000000093c00000, 0x0000000093d00000, 0x0000000093d00000|100%| O|  |TAMS 0x0000000093d00000, 0x0000000093c00000| Untracked 
| 317|0x0000000093d00000, 0x0000000093e00000, 0x0000000093e00000|100%| O|  |TAMS 0x0000000093e00000, 0x0000000093d00000| Untracked 
| 318|0x0000000093e00000, 0x0000000093f00000, 0x0000000093f00000|100%| O|  |TAMS 0x0000000093f00000, 0x0000000093e00000| Updating 
| 319|0x0000000093f00000, 0x0000000094000000, 0x0000000094000000|100%| O|  |TAMS 0x0000000094000000, 0x0000000093f00000| Untracked 
| 320|0x0000000094000000, 0x0000000094100000, 0x0000000094100000|100%| O|  |TAMS 0x0000000094100000, 0x0000000094000000| Updating 
| 321|0x0000000094100000, 0x0000000094200000, 0x0000000094200000|100%| O|  |TAMS 0x0000000094200000, 0x0000000094100000| Updating 
| 322|0x0000000094200000, 0x0000000094300000, 0x0000000094300000|100%| O|  |TAMS 0x0000000094300000, 0x0000000094200000| Updating 
| 323|0x0000000094300000, 0x0000000094400000, 0x0000000094400000|100%| O|  |TAMS 0x0000000094400000, 0x0000000094300000| Untracked 
| 324|0x0000000094400000, 0x0000000094500000, 0x0000000094500000|100%| O|  |TAMS 0x0000000094500000, 0x0000000094400000| Untracked 
| 325|0x0000000094500000, 0x0000000094600000, 0x0000000094600000|100%| O|  |TAMS 0x0000000094600000, 0x0000000094500000| Updating 
| 326|0x0000000094600000, 0x0000000094700000, 0x0000000094700000|100%| O|  |TAMS 0x0000000094700000, 0x0000000094600000| Untracked 
| 327|0x0000000094700000, 0x0000000094800000, 0x0000000094800000|100%| O|  |TAMS 0x0000000094800000, 0x0000000094700000| Updating 
| 328|0x0000000094800000, 0x0000000094900000, 0x0000000094900000|100%| O|  |TAMS 0x0000000094900000, 0x0000000094800000| Untracked 
| 329|0x0000000094900000, 0x0000000094a00000, 0x0000000094a00000|100%| O|  |TAMS 0x0000000094a00000, 0x0000000094900000| Untracked 
| 330|0x0000000094a00000, 0x0000000094b00000, 0x0000000094b00000|100%| O|  |TAMS 0x0000000094b00000, 0x0000000094a00000| Untracked 
| 331|0x0000000094b00000, 0x0000000094c00000, 0x0000000094c00000|100%| O|  |TAMS 0x0000000094c00000, 0x0000000094b00000| Untracked 
| 332|0x0000000094c00000, 0x0000000094d00000, 0x0000000094d00000|100%| O|  |TAMS 0x0000000094d00000, 0x0000000094c00000| Untracked 
| 333|0x0000000094d00000, 0x0000000094e00000, 0x0000000094e00000|100%| O|  |TAMS 0x0000000094e00000, 0x0000000094d00000| Untracked 
| 334|0x0000000094e00000, 0x0000000094f00000, 0x0000000094f00000|100%| O|  |TAMS 0x0000000094f00000, 0x0000000094e00000| Untracked 
| 335|0x0000000094f00000, 0x0000000095000000, 0x0000000095000000|100%| O|  |TAMS 0x0000000095000000, 0x0000000094f00000| Untracked 
| 336|0x0000000095000000, 0x0000000095100000, 0x0000000095100000|100%| O|  |TAMS 0x0000000095100000, 0x0000000095000000| Untracked 
| 337|0x0000000095100000, 0x0000000095200000, 0x0000000095200000|100%| O|  |TAMS 0x0000000095200000, 0x0000000095100000| Untracked 
| 338|0x0000000095200000, 0x0000000095300000, 0x0000000095300000|100%| O|  |TAMS 0x0000000095300000, 0x0000000095200000| Untracked 
| 339|0x0000000095300000, 0x0000000095400000, 0x0000000095400000|100%| O|  |TAMS 0x0000000095400000, 0x0000000095300000| Untracked 
| 340|0x0000000095400000, 0x0000000095500000, 0x0000000095500000|100%| O|  |TAMS 0x0000000095500000, 0x0000000095400000| Untracked 
| 341|0x0000000095500000, 0x0000000095600000, 0x0000000095600000|100%| O|  |TAMS 0x0000000095600000, 0x0000000095500000| Untracked 
| 342|0x0000000095600000, 0x0000000095700000, 0x0000000095700000|100%| O|  |TAMS 0x0000000095700000, 0x0000000095600000| Untracked 
| 343|0x0000000095700000, 0x0000000095800000, 0x0000000095800000|100%| O|  |TAMS 0x0000000095800000, 0x0000000095700000| Untracked 
| 344|0x0000000095800000, 0x0000000095900000, 0x0000000095900000|100%| O|  |TAMS 0x0000000095900000, 0x0000000095800000| Untracked 
| 345|0x0000000095900000, 0x0000000095a00000, 0x0000000095a00000|100%| O|  |TAMS 0x0000000095a00000, 0x0000000095900000| Untracked 
| 346|0x0000000095a00000, 0x0000000095b00000, 0x0000000095b00000|100%| O|  |TAMS 0x0000000095b00000, 0x0000000095a00000| Untracked 
| 347|0x0000000095b00000, 0x0000000095c00000, 0x0000000095c00000|100%| O|  |TAMS 0x0000000095c00000, 0x0000000095b00000| Untracked 
| 348|0x0000000095c00000, 0x0000000095d00000, 0x0000000095d00000|100%| O|  |TAMS 0x0000000095d00000, 0x0000000095c00000| Untracked 
| 349|0x0000000095d00000, 0x0000000095e00000, 0x0000000095e00000|100%| O|  |TAMS 0x0000000095e00000, 0x0000000095d00000| Untracked 
| 350|0x0000000095e00000, 0x0000000095f00000, 0x0000000095f00000|100%| O|  |TAMS 0x0000000095f00000, 0x0000000095e00000| Untracked 
| 351|0x0000000095f00000, 0x0000000095f00000, 0x0000000096000000|  0%| F|  |TAMS 0x0000000095f00000, 0x0000000095f00000| Untracked 
| 352|0x0000000096000000, 0x0000000096100000, 0x0000000096100000|100%| O|  |TAMS 0x0000000096100000, 0x0000000096000000| Untracked 
| 353|0x0000000096100000, 0x0000000096200000, 0x0000000096200000|100%| O|  |TAMS 0x0000000096200000, 0x0000000096100000| Untracked 
| 354|0x0000000096200000, 0x0000000096300000, 0x0000000096300000|100%| O|  |TAMS 0x0000000096300000, 0x0000000096200000| Untracked 
| 355|0x0000000096300000, 0x0000000096400000, 0x0000000096400000|100%|HS|  |TAMS 0x0000000096400000, 0x0000000096300000| Complete 
| 356|0x0000000096400000, 0x0000000096500000, 0x0000000096500000|100%| O|  |TAMS 0x0000000096500000, 0x0000000096400000| Untracked 
| 357|0x0000000096500000, 0x0000000096600000, 0x0000000096600000|100%| O|  |TAMS 0x0000000096600000, 0x0000000096500000| Untracked 
| 358|0x0000000096600000, 0x0000000096700000, 0x0000000096700000|100%| O|  |TAMS 0x0000000096700000, 0x0000000096600000| Updating 
| 359|0x0000000096700000, 0x0000000096800000, 0x0000000096800000|100%| O|  |TAMS 0x0000000096800000, 0x0000000096700000| Updating 
| 360|0x0000000096800000, 0x0000000096900000, 0x0000000096900000|100%| O|  |TAMS 0x0000000096900000, 0x0000000096800000| Untracked 
| 361|0x0000000096900000, 0x0000000096a00000, 0x0000000096a00000|100%| O|  |TAMS 0x0000000096a00000, 0x0000000096900000| Updating 
| 362|0x0000000096a00000, 0x0000000096b00000, 0x0000000096b00000|100%|HS|  |TAMS 0x0000000096b00000, 0x0000000096a00000| Complete 
| 363|0x0000000096b00000, 0x0000000096c00000, 0x0000000096c00000|100%|HC|  |TAMS 0x0000000096c00000, 0x0000000096b00000| Complete 
| 364|0x0000000096c00000, 0x0000000096d00000, 0x0000000096d00000|100%|HS|  |TAMS 0x0000000096d00000, 0x0000000096c00000| Complete 
| 365|0x0000000096d00000, 0x0000000096e00000, 0x0000000096e00000|100%| O|  |TAMS 0x0000000096e00000, 0x0000000096d00000| Untracked 
| 366|0x0000000096e00000, 0x0000000096f00000, 0x0000000096f00000|100%| O|  |TAMS 0x0000000096f00000, 0x0000000096e00000| Untracked 
| 367|0x0000000096f00000, 0x0000000097000000, 0x0000000097000000|100%| O|  |TAMS 0x0000000097000000, 0x0000000096f00000| Untracked 
| 368|0x0000000097000000, 0x0000000097100000, 0x0000000097100000|100%| O|  |TAMS 0x0000000097100000, 0x0000000097000000| Untracked 
| 369|0x0000000097100000, 0x0000000097200000, 0x0000000097200000|100%| O|  |TAMS 0x0000000097200000, 0x0000000097100000| Updating 
| 370|0x0000000097200000, 0x0000000097300000, 0x0000000097300000|100%| O|  |TAMS 0x0000000097300000, 0x0000000097200000| Updating 
| 371|0x0000000097300000, 0x0000000097400000, 0x0000000097400000|100%| O|  |TAMS 0x0000000097400000, 0x0000000097300000| Updating 
| 372|0x0000000097400000, 0x0000000097500000, 0x0000000097500000|100%| O|  |TAMS 0x0000000097500000, 0x0000000097400000| Untracked 
| 373|0x0000000097500000, 0x0000000097600000, 0x0000000097600000|100%| O|  |TAMS 0x0000000097600000, 0x0000000097500000| Updating 
| 374|0x0000000097600000, 0x0000000097700000, 0x0000000097700000|100%| O|  |TAMS 0x0000000097700000, 0x0000000097600000| Untracked 
| 375|0x0000000097700000, 0x0000000097800000, 0x0000000097800000|100%| O|  |TAMS 0x0000000097800000, 0x0000000097700000| Updating 
| 376|0x0000000097800000, 0x0000000097900000, 0x0000000097900000|100%| O|  |TAMS 0x0000000097900000, 0x0000000097800000| Untracked 
| 377|0x0000000097900000, 0x0000000097a00000, 0x0000000097a00000|100%| O|  |TAMS 0x0000000097a00000, 0x0000000097900000| Untracked 
| 378|0x0000000097a00000, 0x0000000097b00000, 0x0000000097b00000|100%| O|  |TAMS 0x0000000097b00000, 0x0000000097a00000| Untracked 
| 379|0x0000000097b00000, 0x0000000097c00000, 0x0000000097c00000|100%| O|  |TAMS 0x0000000097c00000, 0x0000000097b00000| Untracked 
| 380|0x0000000097c00000, 0x0000000097d00000, 0x0000000097d00000|100%| O|  |TAMS 0x0000000097d00000, 0x0000000097c00000| Untracked 
| 381|0x0000000097d00000, 0x0000000097e00000, 0x0000000097e00000|100%| O|  |TAMS 0x0000000097e00000, 0x0000000097d00000| Untracked 
| 382|0x0000000097e00000, 0x0000000097f00000, 0x0000000097f00000|100%| O|  |TAMS 0x0000000097f00000, 0x0000000097e00000| Untracked 
| 383|0x0000000097f00000, 0x0000000098000000, 0x0000000098000000|100%| O|  |TAMS 0x0000000098000000, 0x0000000097f00000| Untracked 
| 384|0x0000000098000000, 0x0000000098100000, 0x0000000098100000|100%| O|  |TAMS 0x0000000098100000, 0x0000000098000000| Untracked 
| 385|0x0000000098100000, 0x0000000098200000, 0x0000000098200000|100%| O|  |TAMS 0x0000000098200000, 0x0000000098100000| Updating 
| 386|0x0000000098200000, 0x0000000098300000, 0x0000000098300000|100%| O|  |TAMS 0x0000000098300000, 0x0000000098200000| Untracked 
| 387|0x0000000098300000, 0x0000000098400000, 0x0000000098400000|100%|HS|  |TAMS 0x0000000098400000, 0x0000000098300000| Complete 
| 388|0x0000000098400000, 0x0000000098500000, 0x0000000098500000|100%| O|  |TAMS 0x0000000098500000, 0x0000000098400000| Untracked 
| 389|0x0000000098500000, 0x0000000098600000, 0x0000000098600000|100%| O|  |TAMS 0x0000000098600000, 0x0000000098500000| Untracked 
| 390|0x0000000098600000, 0x0000000098700000, 0x0000000098700000|100%| O|  |TAMS 0x0000000098700000, 0x0000000098600000| Untracked 
| 391|0x0000000098700000, 0x0000000098800000, 0x0000000098800000|100%| O|  |TAMS 0x0000000098800000, 0x0000000098700000| Untracked 
| 392|0x0000000098800000, 0x0000000098900000, 0x0000000098900000|100%| O|  |TAMS 0x0000000098900000, 0x0000000098800000| Untracked 
| 393|0x0000000098900000, 0x0000000098a00000, 0x0000000098a00000|100%| O|  |TAMS 0x0000000098a00000, 0x0000000098900000| Untracked 
| 394|0x0000000098a00000, 0x0000000098b00000, 0x0000000098b00000|100%| O|  |TAMS 0x0000000098b00000, 0x0000000098a00000| Untracked 
| 395|0x0000000098b00000, 0x0000000098c00000, 0x0000000098c00000|100%| O|  |TAMS 0x0000000098c00000, 0x0000000098b00000| Updating 
| 396|0x0000000098c00000, 0x0000000098d00000, 0x0000000098d00000|100%| O|  |TAMS 0x0000000098d00000, 0x0000000098c00000| Updating 
| 397|0x0000000098d00000, 0x0000000098e00000, 0x0000000098e00000|100%| O|  |TAMS 0x0000000098e00000, 0x0000000098d00000| Updating 
| 398|0x0000000098e00000, 0x0000000098f00000, 0x0000000098f00000|100%|HS|  |TAMS 0x0000000098f00000, 0x0000000098e00000| Complete 
| 399|0x0000000098f00000, 0x0000000099000000, 0x0000000099000000|100%|HS|  |TAMS 0x0000000099000000, 0x0000000098f00000| Complete 
| 400|0x0000000099000000, 0x0000000099100000, 0x0000000099100000|100%| O|  |TAMS 0x0000000099100000, 0x0000000099000000| Untracked 
| 401|0x0000000099100000, 0x0000000099200000, 0x0000000099200000|100%| O|  |TAMS 0x0000000099200000, 0x0000000099100000| Untracked 
| 402|0x0000000099200000, 0x0000000099300000, 0x0000000099300000|100%| O|  |TAMS 0x0000000099300000, 0x0000000099200000| Updating 
| 403|0x0000000099300000, 0x0000000099400000, 0x0000000099400000|100%| O|  |TAMS 0x0000000099400000, 0x0000000099300000| Untracked 
| 404|0x0000000099400000, 0x0000000099500000, 0x0000000099500000|100%| O|  |TAMS 0x0000000099500000, 0x0000000099400000| Untracked 
| 405|0x0000000099500000, 0x0000000099600000, 0x0000000099600000|100%| O|  |TAMS 0x0000000099600000, 0x0000000099500000| Updating 
| 406|0x0000000099600000, 0x0000000099700000, 0x0000000099700000|100%|HS|  |TAMS 0x0000000099700000, 0x0000000099600000| Complete 
| 407|0x0000000099700000, 0x0000000099800000, 0x0000000099800000|100%|HS|  |TAMS 0x0000000099800000, 0x0000000099700000| Complete 
| 408|0x0000000099800000, 0x0000000099900000, 0x0000000099900000|100%|HS|  |TAMS 0x0000000099900000, 0x0000000099800000| Complete 
| 409|0x0000000099900000, 0x0000000099a00000, 0x0000000099a00000|100%| O|  |TAMS 0x0000000099a00000, 0x0000000099900000| Untracked 
| 410|0x0000000099a00000, 0x0000000099b00000, 0x0000000099b00000|100%| O|  |TAMS 0x0000000099b00000, 0x0000000099a00000| Untracked 
| 411|0x0000000099b00000, 0x0000000099c00000, 0x0000000099c00000|100%| O|  |TAMS 0x0000000099c00000, 0x0000000099b00000| Untracked 
| 412|0x0000000099c00000, 0x0000000099d00000, 0x0000000099d00000|100%| O|  |TAMS 0x0000000099d00000, 0x0000000099c00000| Untracked 
| 413|0x0000000099d00000, 0x0000000099e00000, 0x0000000099e00000|100%| O|  |TAMS 0x0000000099e00000, 0x0000000099d00000| Untracked 
| 414|0x0000000099e00000, 0x0000000099f00000, 0x0000000099f00000|100%| O|  |TAMS 0x0000000099f00000, 0x0000000099e00000| Untracked 
| 415|0x0000000099f00000, 0x000000009a000000, 0x000000009a000000|100%| O|  |TAMS 0x000000009a000000, 0x0000000099f00000| Updating 
| 416|0x000000009a000000, 0x000000009a100000, 0x000000009a100000|100%| O|  |TAMS 0x000000009a100000, 0x000000009a000000| Updating 
| 417|0x000000009a100000, 0x000000009a200000, 0x000000009a200000|100%| O|  |TAMS 0x000000009a200000, 0x000000009a100000| Updating 
| 418|0x000000009a200000, 0x000000009a300000, 0x000000009a300000|100%| O|  |TAMS 0x000000009a300000, 0x000000009a200000| Untracked 
| 419|0x000000009a300000, 0x000000009a400000, 0x000000009a400000|100%| O|  |TAMS 0x000000009a400000, 0x000000009a300000| Updating 
| 420|0x000000009a400000, 0x000000009a500000, 0x000000009a500000|100%| O|  |TAMS 0x000000009a500000, 0x000000009a400000| Untracked 
| 421|0x000000009a500000, 0x000000009a600000, 0x000000009a600000|100%| O|  |TAMS 0x000000009a600000, 0x000000009a500000| Untracked 
| 422|0x000000009a600000, 0x000000009a700000, 0x000000009a700000|100%| O|  |TAMS 0x000000009a700000, 0x000000009a600000| Untracked 
| 423|0x000000009a700000, 0x000000009a800000, 0x000000009a800000|100%| O|  |TAMS 0x000000009a800000, 0x000000009a700000| Untracked 
| 424|0x000000009a800000, 0x000000009a900000, 0x000000009a900000|100%| O|  |TAMS 0x000000009a900000, 0x000000009a800000| Untracked 
| 425|0x000000009a900000, 0x000000009aa00000, 0x000000009aa00000|100%| O|  |TAMS 0x000000009aa00000, 0x000000009a900000| Untracked 
| 426|0x000000009aa00000, 0x000000009ab00000, 0x000000009ab00000|100%| O|  |TAMS 0x000000009ab00000, 0x000000009aa00000| Untracked 
| 427|0x000000009ab00000, 0x000000009ac00000, 0x000000009ac00000|100%| O|  |TAMS 0x000000009ac00000, 0x000000009ab00000| Untracked 
| 428|0x000000009ac00000, 0x000000009ad00000, 0x000000009ad00000|100%| O|  |TAMS 0x000000009ad00000, 0x000000009ac00000| Updating 
| 429|0x000000009ad00000, 0x000000009ae00000, 0x000000009ae00000|100%| O|  |TAMS 0x000000009ae00000, 0x000000009ad00000| Updating 
| 430|0x000000009ae00000, 0x000000009af00000, 0x000000009af00000|100%| O|  |TAMS 0x000000009af00000, 0x000000009ae00000| Untracked 
| 431|0x000000009af00000, 0x000000009b000000, 0x000000009b000000|100%| O|  |TAMS 0x000000009b000000, 0x000000009af00000| Untracked 
| 432|0x000000009b000000, 0x000000009b100000, 0x000000009b100000|100%| O|  |TAMS 0x000000009b100000, 0x000000009b000000| Untracked 
| 433|0x000000009b100000, 0x000000009b200000, 0x000000009b200000|100%| O|  |TAMS 0x000000009b200000, 0x000000009b100000| Updating 
| 434|0x000000009b200000, 0x000000009b300000, 0x000000009b300000|100%| O|  |TAMS 0x000000009b300000, 0x000000009b200000| Updating 
| 435|0x000000009b300000, 0x000000009b400000, 0x000000009b400000|100%| O|  |TAMS 0x000000009b400000, 0x000000009b300000| Updating 
| 436|0x000000009b400000, 0x000000009b500000, 0x000000009b500000|100%| O|  |TAMS 0x000000009b500000, 0x000000009b400000| Updating 
| 437|0x000000009b500000, 0x000000009b600000, 0x000000009b600000|100%| O|  |TAMS 0x000000009b600000, 0x000000009b500000| Updating 
| 438|0x000000009b600000, 0x000000009b700000, 0x000000009b700000|100%| O|  |TAMS 0x000000009b700000, 0x000000009b600000| Updating 
| 439|0x000000009b700000, 0x000000009b800000, 0x000000009b800000|100%| O|  |TAMS 0x000000009b800000, 0x000000009b700000| Untracked 
| 440|0x000000009b800000, 0x000000009b900000, 0x000000009b900000|100%| O|  |TAMS 0x000000009b900000, 0x000000009b800000| Untracked 
| 441|0x000000009b900000, 0x000000009ba00000, 0x000000009ba00000|100%| O|  |TAMS 0x000000009ba00000, 0x000000009b900000| Untracked 
| 442|0x000000009ba00000, 0x000000009bb00000, 0x000000009bb00000|100%| O|  |TAMS 0x000000009bb00000, 0x000000009ba00000| Untracked 
| 443|0x000000009bb00000, 0x000000009bc00000, 0x000000009bc00000|100%| O|  |TAMS 0x000000009bc00000, 0x000000009bb00000| Untracked 
| 444|0x000000009bc00000, 0x000000009bd00000, 0x000000009bd00000|100%| O|  |TAMS 0x000000009bd00000, 0x000000009bc00000| Untracked 
| 445|0x000000009bd00000, 0x000000009be00000, 0x000000009be00000|100%| O|  |TAMS 0x000000009be00000, 0x000000009bd00000| Untracked 
| 446|0x000000009be00000, 0x000000009bf00000, 0x000000009bf00000|100%| O|  |TAMS 0x000000009bf00000, 0x000000009be00000| Untracked 
| 447|0x000000009bf00000, 0x000000009c000000, 0x000000009c000000|100%| O|  |TAMS 0x000000009c000000, 0x000000009bf00000| Untracked 
| 448|0x000000009c000000, 0x000000009c100000, 0x000000009c100000|100%| O|  |TAMS 0x000000009c100000, 0x000000009c000000| Untracked 
| 449|0x000000009c100000, 0x000000009c200000, 0x000000009c200000|100%| O|  |TAMS 0x000000009c200000, 0x000000009c100000| Untracked 
| 450|0x000000009c200000, 0x000000009c300000, 0x000000009c300000|100%| O|  |TAMS 0x000000009c300000, 0x000000009c200000| Untracked 
| 451|0x000000009c300000, 0x000000009c400000, 0x000000009c400000|100%| O|  |TAMS 0x000000009c400000, 0x000000009c300000| Untracked 
| 452|0x000000009c400000, 0x000000009c500000, 0x000000009c500000|100%| O|  |TAMS 0x000000009c500000, 0x000000009c400000| Untracked 
| 453|0x000000009c500000, 0x000000009c600000, 0x000000009c600000|100%| O|  |TAMS 0x000000009c600000, 0x000000009c500000| Untracked 
| 454|0x000000009c600000, 0x000000009c700000, 0x000000009c700000|100%| O|  |TAMS 0x000000009c700000, 0x000000009c600000| Untracked 
| 455|0x000000009c700000, 0x000000009c800000, 0x000000009c800000|100%| O|  |TAMS 0x000000009c800000, 0x000000009c700000| Untracked 
| 456|0x000000009c800000, 0x000000009c900000, 0x000000009c900000|100%| O|  |TAMS 0x000000009c900000, 0x000000009c800000| Updating 
| 457|0x000000009c900000, 0x000000009ca00000, 0x000000009ca00000|100%| O|  |TAMS 0x000000009ca00000, 0x000000009c900000| Untracked 
| 458|0x000000009ca00000, 0x000000009cb00000, 0x000000009cb00000|100%| O|  |TAMS 0x000000009cb00000, 0x000000009ca00000| Untracked 
| 459|0x000000009cb00000, 0x000000009cc00000, 0x000000009cc00000|100%| O|  |TAMS 0x000000009cc00000, 0x000000009cb00000| Untracked 
| 460|0x000000009cc00000, 0x000000009cd00000, 0x000000009cd00000|100%| O|  |TAMS 0x000000009cd00000, 0x000000009cc00000| Untracked 
| 461|0x000000009cd00000, 0x000000009ce00000, 0x000000009ce00000|100%| O|  |TAMS 0x000000009ce00000, 0x000000009cd00000| Untracked 
| 462|0x000000009ce00000, 0x000000009cf00000, 0x000000009cf00000|100%| O|  |TAMS 0x000000009cf00000, 0x000000009ce00000| Untracked 
| 463|0x000000009cf00000, 0x000000009d000000, 0x000000009d000000|100%| O|  |TAMS 0x000000009d000000, 0x000000009cf00000| Updating 
| 464|0x000000009d000000, 0x000000009d100000, 0x000000009d100000|100%| O|  |TAMS 0x000000009d100000, 0x000000009d000000| Updating 
| 465|0x000000009d100000, 0x000000009d200000, 0x000000009d200000|100%| O|  |TAMS 0x000000009d200000, 0x000000009d100000| Updating 
| 466|0x000000009d200000, 0x000000009d300000, 0x000000009d300000|100%| O|  |TAMS 0x000000009d300000, 0x000000009d200000| Updating 
| 467|0x000000009d300000, 0x000000009d300000, 0x000000009d400000|  0%| F|  |TAMS 0x000000009d300000, 0x000000009d300000| Untracked 
| 468|0x000000009d400000, 0x000000009d400000, 0x000000009d500000|  0%| F|  |TAMS 0x000000009d400000, 0x000000009d400000| Untracked 
| 469|0x000000009d500000, 0x000000009d600000, 0x000000009d600000|100%| O|  |TAMS 0x000000009d600000, 0x000000009d500000| Updating 
| 470|0x000000009d600000, 0x000000009d700000, 0x000000009d700000|100%| O|  |TAMS 0x000000009d700000, 0x000000009d600000| Updating 
| 471|0x000000009d700000, 0x000000009d800000, 0x000000009d800000|100%|HS|  |TAMS 0x000000009d800000, 0x000000009d700000| Complete 
| 472|0x000000009d800000, 0x000000009d900000, 0x000000009d900000|100%|HS|  |TAMS 0x000000009d900000, 0x000000009d800000| Complete 
| 473|0x000000009d900000, 0x000000009da00000, 0x000000009da00000|100%|HS|  |TAMS 0x000000009da00000, 0x000000009d900000| Complete 
| 474|0x000000009da00000, 0x000000009db00000, 0x000000009db00000|100%|HS|  |TAMS 0x000000009db00000, 0x000000009da00000| Complete 
| 475|0x000000009db00000, 0x000000009dc00000, 0x000000009dc00000|100%| O|  |TAMS 0x000000009dc00000, 0x000000009db00000| Untracked 
| 476|0x000000009dc00000, 0x000000009dd00000, 0x000000009dd00000|100%| O|  |TAMS 0x000000009dd00000, 0x000000009dc00000| Untracked 
| 477|0x000000009dd00000, 0x000000009de00000, 0x000000009de00000|100%| O|  |TAMS 0x000000009de00000, 0x000000009dd00000| Untracked 
| 478|0x000000009de00000, 0x000000009df00000, 0x000000009df00000|100%| O|  |TAMS 0x000000009df00000, 0x000000009de00000| Untracked 
| 479|0x000000009df00000, 0x000000009e000000, 0x000000009e000000|100%| O|  |TAMS 0x000000009e000000, 0x000000009df00000| Untracked 
| 480|0x000000009e000000, 0x000000009e100000, 0x000000009e100000|100%| O|  |TAMS 0x000000009e100000, 0x000000009e000000| Untracked 
| 481|0x000000009e100000, 0x000000009e200000, 0x000000009e200000|100%| O|  |TAMS 0x000000009e200000, 0x000000009e100000| Untracked 
| 482|0x000000009e200000, 0x000000009e300000, 0x000000009e300000|100%| O|  |TAMS 0x000000009e300000, 0x000000009e200000| Untracked 
| 483|0x000000009e300000, 0x000000009e400000, 0x000000009e400000|100%| O|  |TAMS 0x000000009e400000, 0x000000009e300000| Untracked 
| 484|0x000000009e400000, 0x000000009e500000, 0x000000009e500000|100%| O|  |TAMS 0x000000009e500000, 0x000000009e400000| Untracked 
| 485|0x000000009e500000, 0x000000009e600000, 0x000000009e600000|100%| O|  |TAMS 0x000000009e600000, 0x000000009e500000| Untracked 
| 486|0x000000009e600000, 0x000000009e700000, 0x000000009e700000|100%| O|  |TAMS 0x000000009e700000, 0x000000009e600000| Untracked 
| 487|0x000000009e700000, 0x000000009e800000, 0x000000009e800000|100%|HS|  |TAMS 0x000000009e800000, 0x000000009e700000| Complete 
| 488|0x000000009e800000, 0x000000009e900000, 0x000000009e900000|100%|HC|  |TAMS 0x000000009e900000, 0x000000009e800000| Complete 
| 489|0x000000009e900000, 0x000000009ea00000, 0x000000009ea00000|100%| O|  |TAMS 0x000000009ea00000, 0x000000009e900000| Untracked 
| 490|0x000000009ea00000, 0x000000009eb00000, 0x000000009eb00000|100%| O|  |TAMS 0x000000009eb00000, 0x000000009ea00000| Untracked 
| 491|0x000000009eb00000, 0x000000009ec00000, 0x000000009ec00000|100%| O|  |TAMS 0x000000009ec00000, 0x000000009eb00000| Untracked 
| 492|0x000000009ec00000, 0x000000009ed00000, 0x000000009ed00000|100%| O|  |TAMS 0x000000009ed00000, 0x000000009ec00000| Untracked 
| 493|0x000000009ed00000, 0x000000009ee00000, 0x000000009ee00000|100%| O|  |TAMS 0x000000009ee00000, 0x000000009ed00000| Untracked 
| 494|0x000000009ee00000, 0x000000009ef00000, 0x000000009ef00000|100%| O|  |TAMS 0x000000009ef00000, 0x000000009ee00000| Untracked 
| 495|0x000000009ef00000, 0x000000009f000000, 0x000000009f000000|100%| O|  |TAMS 0x000000009f000000, 0x000000009ef00000| Updating 
| 496|0x000000009f000000, 0x000000009f100000, 0x000000009f100000|100%| O|  |TAMS 0x000000009f100000, 0x000000009f000000| Untracked 
| 497|0x000000009f100000, 0x000000009f200000, 0x000000009f200000|100%| O|  |TAMS 0x000000009f200000, 0x000000009f100000| Untracked 
| 498|0x000000009f200000, 0x000000009f300000, 0x000000009f300000|100%| O|  |TAMS 0x000000009f300000, 0x000000009f200000| Untracked 
| 499|0x000000009f300000, 0x000000009f400000, 0x000000009f400000|100%| O|  |TAMS 0x000000009f400000, 0x000000009f300000| Updating 
| 500|0x000000009f400000, 0x000000009f500000, 0x000000009f500000|100%| O|  |TAMS 0x000000009f500000, 0x000000009f400000| Untracked 
| 501|0x000000009f500000, 0x000000009f600000, 0x000000009f600000|100%| O|  |TAMS 0x000000009f600000, 0x000000009f500000| Untracked 
| 502|0x000000009f600000, 0x000000009f700000, 0x000000009f700000|100%| O|  |TAMS 0x000000009f700000, 0x000000009f600000| Untracked 
| 503|0x000000009f700000, 0x000000009f800000, 0x000000009f800000|100%| O|  |TAMS 0x000000009f800000, 0x000000009f700000| Untracked 
| 504|0x000000009f800000, 0x000000009f900000, 0x000000009f900000|100%| O|  |TAMS 0x000000009f900000, 0x000000009f800000| Untracked 
| 505|0x000000009f900000, 0x000000009fa00000, 0x000000009fa00000|100%| O|  |TAMS 0x000000009fa00000, 0x000000009f900000| Updating 
| 506|0x000000009fa00000, 0x000000009fb00000, 0x000000009fb00000|100%| O|  |TAMS 0x000000009fb00000, 0x000000009fa00000| Updating 
| 507|0x000000009fb00000, 0x000000009fc00000, 0x000000009fc00000|100%| O|  |TAMS 0x000000009fc00000, 0x000000009fb00000| Updating 
| 508|0x000000009fc00000, 0x000000009fd00000, 0x000000009fd00000|100%| O|  |TAMS 0x000000009fd00000, 0x000000009fc00000| Updating 
| 509|0x000000009fd00000, 0x000000009fe00000, 0x000000009fe00000|100%| O|  |TAMS 0x000000009fe00000, 0x000000009fd00000| Updating 
| 510|0x000000009fe00000, 0x000000009ff00000, 0x000000009ff00000|100%| O|  |TAMS 0x000000009ff00000, 0x000000009fe00000| Updating 
| 511|0x000000009ff00000, 0x00000000a0000000, 0x00000000a0000000|100%| O|  |TAMS 0x00000000a0000000, 0x000000009ff00000| Updating 
| 512|0x00000000a0000000, 0x00000000a0100000, 0x00000000a0100000|100%| O|  |TAMS 0x00000000a0100000, 0x00000000a0000000| Updating 
| 513|0x00000000a0100000, 0x00000000a0200000, 0x00000000a0200000|100%| O|  |TAMS 0x00000000a0200000, 0x00000000a0100000| Updating 
| 514|0x00000000a0200000, 0x00000000a0300000, 0x00000000a0300000|100%| O|  |TAMS 0x00000000a0300000, 0x00000000a0200000| Updating 
| 515|0x00000000a0300000, 0x00000000a0400000, 0x00000000a0400000|100%| O|  |TAMS 0x00000000a0400000, 0x00000000a0300000| Updating 
| 516|0x00000000a0400000, 0x00000000a0500000, 0x00000000a0500000|100%| O|  |TAMS 0x00000000a0500000, 0x00000000a0400000| Updating 
| 517|0x00000000a0500000, 0x00000000a0600000, 0x00000000a0600000|100%| O|  |TAMS 0x00000000a0600000, 0x00000000a0500000| Updating 
| 518|0x00000000a0600000, 0x00000000a0700000, 0x00000000a0700000|100%| O|  |TAMS 0x00000000a0700000, 0x00000000a0600000| Updating 
| 519|0x00000000a0700000, 0x00000000a0800000, 0x00000000a0800000|100%| O|  |TAMS 0x00000000a0800000, 0x00000000a0700000| Updating 
| 520|0x00000000a0800000, 0x00000000a0900000, 0x00000000a0900000|100%| O|  |TAMS 0x00000000a0900000, 0x00000000a0800000| Updating 
| 521|0x00000000a0900000, 0x00000000a0a00000, 0x00000000a0a00000|100%| O|  |TAMS 0x00000000a0a00000, 0x00000000a0900000| Updating 
| 522|0x00000000a0a00000, 0x00000000a0b00000, 0x00000000a0b00000|100%| O|  |TAMS 0x00000000a0b00000, 0x00000000a0a00000| Updating 
| 523|0x00000000a0b00000, 0x00000000a0c00000, 0x00000000a0c00000|100%| O|  |TAMS 0x00000000a0c00000, 0x00000000a0b00000| Updating 
| 524|0x00000000a0c00000, 0x00000000a0d00000, 0x00000000a0d00000|100%| O|  |TAMS 0x00000000a0d00000, 0x00000000a0c00000| Updating 
| 525|0x00000000a0d00000, 0x00000000a0e00000, 0x00000000a0e00000|100%| O|  |TAMS 0x00000000a0e00000, 0x00000000a0d00000| Updating 
| 526|0x00000000a0e00000, 0x00000000a0f00000, 0x00000000a0f00000|100%| O|  |TAMS 0x00000000a0f00000, 0x00000000a0e00000| Updating 
| 527|0x00000000a0f00000, 0x00000000a1000000, 0x00000000a1000000|100%| O|  |TAMS 0x00000000a1000000, 0x00000000a0f00000| Updating 
| 528|0x00000000a1000000, 0x00000000a1100000, 0x00000000a1100000|100%| O|  |TAMS 0x00000000a1100000, 0x00000000a1000000| Untracked 
| 529|0x00000000a1100000, 0x00000000a1200000, 0x00000000a1200000|100%| O|  |TAMS 0x00000000a1200000, 0x00000000a1100000| Untracked 
| 530|0x00000000a1200000, 0x00000000a1300000, 0x00000000a1300000|100%| O|  |TAMS 0x00000000a1300000, 0x00000000a1200000| Untracked 
| 531|0x00000000a1300000, 0x00000000a1400000, 0x00000000a1400000|100%| O|  |TAMS 0x00000000a1400000, 0x00000000a1300000| Untracked 
| 532|0x00000000a1400000, 0x00000000a1500000, 0x00000000a1500000|100%|HS|  |TAMS 0x00000000a1500000, 0x00000000a1400000| Complete 
| 533|0x00000000a1500000, 0x00000000a1600000, 0x00000000a1600000|100%|HC|  |TAMS 0x00000000a1600000, 0x00000000a1500000| Complete 
| 534|0x00000000a1600000, 0x00000000a1700000, 0x00000000a1700000|100%| O|  |TAMS 0x00000000a1700000, 0x00000000a1600000| Untracked 
| 535|0x00000000a1700000, 0x00000000a1800000, 0x00000000a1800000|100%| O|  |TAMS 0x00000000a1800000, 0x00000000a1700000| Updating 
| 536|0x00000000a1800000, 0x00000000a1900000, 0x00000000a1900000|100%| O|  |TAMS 0x00000000a1900000, 0x00000000a1800000| Updating 
| 537|0x00000000a1900000, 0x00000000a1a00000, 0x00000000a1a00000|100%| O|  |TAMS 0x00000000a1a00000, 0x00000000a1900000| Updating 
| 538|0x00000000a1a00000, 0x00000000a1b00000, 0x00000000a1b00000|100%| O|  |TAMS 0x00000000a1b00000, 0x00000000a1a00000| Updating 
| 539|0x00000000a1b00000, 0x00000000a1c00000, 0x00000000a1c00000|100%| O|  |TAMS 0x00000000a1c00000, 0x00000000a1b00000| Untracked 
| 540|0x00000000a1c00000, 0x00000000a1d00000, 0x00000000a1d00000|100%| O|  |TAMS 0x00000000a1d00000, 0x00000000a1c00000| Untracked 
| 541|0x00000000a1d00000, 0x00000000a1e00000, 0x00000000a1e00000|100%| O|  |TAMS 0x00000000a1e00000, 0x00000000a1d00000| Untracked 
| 542|0x00000000a1e00000, 0x00000000a1f00000, 0x00000000a1f00000|100%| O|  |TAMS 0x00000000a1f00000, 0x00000000a1e00000| Untracked 
| 543|0x00000000a1f00000, 0x00000000a2000000, 0x00000000a2000000|100%| O|  |TAMS 0x00000000a2000000, 0x00000000a1f00000| Untracked 
| 544|0x00000000a2000000, 0x00000000a2100000, 0x00000000a2100000|100%| O|  |TAMS 0x00000000a2100000, 0x00000000a2000000| Updating 
| 545|0x00000000a2100000, 0x00000000a2200000, 0x00000000a2200000|100%| O|  |TAMS 0x00000000a2200000, 0x00000000a2100000| Updating 
| 546|0x00000000a2200000, 0x00000000a2300000, 0x00000000a2300000|100%| O|  |TAMS 0x00000000a2300000, 0x00000000a2200000| Updating 
| 547|0x00000000a2300000, 0x00000000a2400000, 0x00000000a2400000|100%| O|  |TAMS 0x00000000a2400000, 0x00000000a2300000| Updating 
| 548|0x00000000a2400000, 0x00000000a2500000, 0x00000000a2500000|100%| O|  |TAMS 0x00000000a2500000, 0x00000000a2400000| Updating 
| 549|0x00000000a2500000, 0x00000000a2600000, 0x00000000a2600000|100%| O|  |TAMS 0x00000000a2600000, 0x00000000a2500000| Updating 
| 550|0x00000000a2600000, 0x00000000a2700000, 0x00000000a2700000|100%| O|  |TAMS 0x00000000a2700000, 0x00000000a2600000| Updating 
| 551|0x00000000a2700000, 0x00000000a2800000, 0x00000000a2800000|100%| O|  |TAMS 0x00000000a2800000, 0x00000000a2700000| Updating 
| 552|0x00000000a2800000, 0x00000000a2900000, 0x00000000a2900000|100%| O|  |TAMS 0x00000000a2900000, 0x00000000a2800000| Updating 
| 553|0x00000000a2900000, 0x00000000a2a00000, 0x00000000a2a00000|100%| O|  |TAMS 0x00000000a2a00000, 0x00000000a2900000| Updating 
| 554|0x00000000a2a00000, 0x00000000a2b00000, 0x00000000a2b00000|100%| O|  |TAMS 0x00000000a2b00000, 0x00000000a2a00000| Updating 
| 555|0x00000000a2b00000, 0x00000000a2c00000, 0x00000000a2c00000|100%| O|  |TAMS 0x00000000a2c00000, 0x00000000a2b00000| Updating 
| 556|0x00000000a2c00000, 0x00000000a2d00000, 0x00000000a2d00000|100%| O|  |TAMS 0x00000000a2d00000, 0x00000000a2c00000| Updating 
| 557|0x00000000a2d00000, 0x00000000a2e00000, 0x00000000a2e00000|100%| O|  |TAMS 0x00000000a2e00000, 0x00000000a2d00000| Updating 
| 558|0x00000000a2e00000, 0x00000000a2f00000, 0x00000000a2f00000|100%| O|  |TAMS 0x00000000a2f00000, 0x00000000a2e00000| Updating 
| 559|0x00000000a2f00000, 0x00000000a3000000, 0x00000000a3000000|100%| O|  |TAMS 0x00000000a3000000, 0x00000000a2f00000| Updating 
| 560|0x00000000a3000000, 0x00000000a3100000, 0x00000000a3100000|100%| O|  |TAMS 0x00000000a3100000, 0x00000000a3000000| Updating 
| 561|0x00000000a3100000, 0x00000000a3200000, 0x00000000a3200000|100%| O|  |TAMS 0x00000000a3200000, 0x00000000a3100000| Updating 
| 562|0x00000000a3200000, 0x00000000a3300000, 0x00000000a3300000|100%| O|  |TAMS 0x00000000a3300000, 0x00000000a3200000| Updating 
| 563|0x00000000a3300000, 0x00000000a3400000, 0x00000000a3400000|100%| O|  |TAMS 0x00000000a3400000, 0x00000000a3300000| Updating 
| 564|0x00000000a3400000, 0x00000000a3400000, 0x00000000a3500000|  0%| F|  |TAMS 0x00000000a3400000, 0x00000000a3400000| Untracked 
| 565|0x00000000a3500000, 0x00000000a3600000, 0x00000000a3600000|100%| O|  |TAMS 0x00000000a3600000, 0x00000000a3500000| Updating 
| 566|0x00000000a3600000, 0x00000000a3700000, 0x00000000a3700000|100%| O|  |TAMS 0x00000000a3700000, 0x00000000a3600000| Updating 
| 567|0x00000000a3700000, 0x00000000a3800000, 0x00000000a3800000|100%| O|  |TAMS 0x00000000a3800000, 0x00000000a3700000| Updating 
| 568|0x00000000a3800000, 0x00000000a3900000, 0x00000000a3900000|100%| O|  |TAMS 0x00000000a3900000, 0x00000000a3800000| Updating 
| 569|0x00000000a3900000, 0x00000000a3a00000, 0x00000000a3a00000|100%| O|  |TAMS 0x00000000a3a00000, 0x00000000a3900000| Updating 
| 570|0x00000000a3a00000, 0x00000000a3b00000, 0x00000000a3b00000|100%| O|  |TAMS 0x00000000a3b00000, 0x00000000a3a00000| Updating 
| 571|0x00000000a3b00000, 0x00000000a3c00000, 0x00000000a3c00000|100%| O|  |TAMS 0x00000000a3c00000, 0x00000000a3b00000| Updating 
| 572|0x00000000a3c00000, 0x00000000a3d00000, 0x00000000a3d00000|100%| O|  |TAMS 0x00000000a3d00000, 0x00000000a3c00000| Updating 
| 573|0x00000000a3d00000, 0x00000000a3e00000, 0x00000000a3e00000|100%| O|  |TAMS 0x00000000a3e00000, 0x00000000a3d00000| Updating 
| 574|0x00000000a3e00000, 0x00000000a3f00000, 0x00000000a3f00000|100%| O|  |TAMS 0x00000000a3f00000, 0x00000000a3e00000| Updating 
| 575|0x00000000a3f00000, 0x00000000a4000000, 0x00000000a4000000|100%| O|  |TAMS 0x00000000a4000000, 0x00000000a3f00000| Updating 
| 576|0x00000000a4000000, 0x00000000a4100000, 0x00000000a4100000|100%| O|  |TAMS 0x00000000a4100000, 0x00000000a4000000| Updating 
| 577|0x00000000a4100000, 0x00000000a4200000, 0x00000000a4200000|100%| O|  |TAMS 0x00000000a4200000, 0x00000000a4100000| Updating 
| 578|0x00000000a4200000, 0x00000000a4300000, 0x00000000a4300000|100%| O|  |TAMS 0x00000000a4300000, 0x00000000a4200000| Updating 
| 579|0x00000000a4300000, 0x00000000a4400000, 0x00000000a4400000|100%| O|  |TAMS 0x00000000a4400000, 0x00000000a4300000| Updating 
| 580|0x00000000a4400000, 0x00000000a4500000, 0x00000000a4500000|100%| O|  |TAMS 0x00000000a4500000, 0x00000000a4400000| Updating 
| 581|0x00000000a4500000, 0x00000000a4600000, 0x00000000a4600000|100%| O|  |TAMS 0x00000000a4600000, 0x00000000a4500000| Updating 
| 582|0x00000000a4600000, 0x00000000a4700000, 0x00000000a4700000|100%| O|  |TAMS 0x00000000a4700000, 0x00000000a4600000| Updating 
| 583|0x00000000a4700000, 0x00000000a4800000, 0x00000000a4800000|100%| O|  |TAMS 0x00000000a4800000, 0x00000000a4700000| Updating 
| 584|0x00000000a4800000, 0x00000000a4800000, 0x00000000a4900000|  0%| F|  |TAMS 0x00000000a4800000, 0x00000000a4800000| Untracked 
| 585|0x00000000a4900000, 0x00000000a4900000, 0x00000000a4a00000|  0%| F|  |TAMS 0x00000000a4900000, 0x00000000a4900000| Untracked 
| 586|0x00000000a4a00000, 0x00000000a4a00000, 0x00000000a4b00000|  0%| F|  |TAMS 0x00000000a4a00000, 0x00000000a4a00000| Untracked 
| 587|0x00000000a4b00000, 0x00000000a4b00000, 0x00000000a4c00000|  0%| F|  |TAMS 0x00000000a4b00000, 0x00000000a4b00000| Untracked 
| 588|0x00000000a4c00000, 0x00000000a4c00000, 0x00000000a4d00000|  0%| F|  |TAMS 0x00000000a4c00000, 0x00000000a4c00000| Untracked 
| 589|0x00000000a4d00000, 0x00000000a4d00000, 0x00000000a4e00000|  0%| F|  |TAMS 0x00000000a4d00000, 0x00000000a4d00000| Untracked 
| 590|0x00000000a4e00000, 0x00000000a4f00000, 0x00000000a4f00000|100%| O|  |TAMS 0x00000000a4f00000, 0x00000000a4e00000| Updating 
| 591|0x00000000a4f00000, 0x00000000a5000000, 0x00000000a5000000|100%| O|  |TAMS 0x00000000a5000000, 0x00000000a4f00000| Updating 
| 592|0x00000000a5000000, 0x00000000a5000000, 0x00000000a5100000|  0%| F|  |TAMS 0x00000000a5000000, 0x00000000a5000000| Untracked 
| 593|0x00000000a5100000, 0x00000000a5200000, 0x00000000a5200000|100%| O|  |TAMS 0x00000000a5200000, 0x00000000a5100000| Updating 
| 594|0x00000000a5200000, 0x00000000a5300000, 0x00000000a5300000|100%| O|  |TAMS 0x00000000a5300000, 0x00000000a5200000| Updating 
| 595|0x00000000a5300000, 0x00000000a5400000, 0x00000000a5400000|100%| O|  |TAMS 0x00000000a5400000, 0x00000000a5300000| Updating 
| 596|0x00000000a5400000, 0x00000000a5500000, 0x00000000a5500000|100%| O|  |TAMS 0x00000000a5500000, 0x00000000a5400000| Updating 
| 597|0x00000000a5500000, 0x00000000a5600000, 0x00000000a5600000|100%| O|  |TAMS 0x00000000a5600000, 0x00000000a5500000| Updating 
| 598|0x00000000a5600000, 0x00000000a5700000, 0x00000000a5700000|100%| O|  |TAMS 0x00000000a5700000, 0x00000000a5600000| Updating 
| 599|0x00000000a5700000, 0x00000000a5800000, 0x00000000a5800000|100%| O|  |TAMS 0x00000000a5800000, 0x00000000a5700000| Updating 
| 600|0x00000000a5800000, 0x00000000a5900000, 0x00000000a5900000|100%| O|  |TAMS 0x00000000a5900000, 0x00000000a5800000| Updating 
| 601|0x00000000a5900000, 0x00000000a5a00000, 0x00000000a5a00000|100%| O|  |TAMS 0x00000000a5a00000, 0x00000000a5900000| Updating 
| 602|0x00000000a5a00000, 0x00000000a5b00000, 0x00000000a5b00000|100%| O|  |TAMS 0x00000000a5b00000, 0x00000000a5a00000| Updating 
| 603|0x00000000a5b00000, 0x00000000a5c00000, 0x00000000a5c00000|100%| O|  |TAMS 0x00000000a5c00000, 0x00000000a5b00000| Updating 
| 604|0x00000000a5c00000, 0x00000000a5d00000, 0x00000000a5d00000|100%| O|  |TAMS 0x00000000a5d00000, 0x00000000a5c00000| Updating 
| 605|0x00000000a5d00000, 0x00000000a5e00000, 0x00000000a5e00000|100%| O|  |TAMS 0x00000000a5e00000, 0x00000000a5d00000| Updating 
| 606|0x00000000a5e00000, 0x00000000a5f00000, 0x00000000a5f00000|100%| O|  |TAMS 0x00000000a5f00000, 0x00000000a5e00000| Updating 
| 607|0x00000000a5f00000, 0x00000000a6000000, 0x00000000a6000000|100%| O|  |TAMS 0x00000000a6000000, 0x00000000a5f00000| Updating 
| 608|0x00000000a6000000, 0x00000000a6100000, 0x00000000a6100000|100%| O|  |TAMS 0x00000000a6100000, 0x00000000a6000000| Updating 
| 609|0x00000000a6100000, 0x00000000a6200000, 0x00000000a6200000|100%| O|  |TAMS 0x00000000a6200000, 0x00000000a6100000| Updating 
| 610|0x00000000a6200000, 0x00000000a6300000, 0x00000000a6300000|100%| O|  |TAMS 0x00000000a6300000, 0x00000000a6200000| Updating 
| 611|0x00000000a6300000, 0x00000000a6400000, 0x00000000a6400000|100%| O|  |TAMS 0x00000000a6400000, 0x00000000a6300000| Updating 
| 612|0x00000000a6400000, 0x00000000a6500000, 0x00000000a6500000|100%| O|  |TAMS 0x00000000a6500000, 0x00000000a6400000| Updating 
| 613|0x00000000a6500000, 0x00000000a6600000, 0x00000000a6600000|100%| O|  |TAMS 0x00000000a6600000, 0x00000000a6500000| Updating 
| 614|0x00000000a6600000, 0x00000000a6700000, 0x00000000a6700000|100%| O|  |TAMS 0x00000000a6700000, 0x00000000a6600000| Updating 
| 615|0x00000000a6700000, 0x00000000a6800000, 0x00000000a6800000|100%| O|  |TAMS 0x00000000a6800000, 0x00000000a6700000| Updating 
| 616|0x00000000a6800000, 0x00000000a6900000, 0x00000000a6900000|100%| O|  |TAMS 0x00000000a6900000, 0x00000000a6800000| Updating 
| 617|0x00000000a6900000, 0x00000000a6a00000, 0x00000000a6a00000|100%| O|  |TAMS 0x00000000a6a00000, 0x00000000a6900000| Updating 
| 618|0x00000000a6a00000, 0x00000000a6b00000, 0x00000000a6b00000|100%| O|  |TAMS 0x00000000a6b00000, 0x00000000a6a00000| Updating 
| 619|0x00000000a6b00000, 0x00000000a6c00000, 0x00000000a6c00000|100%| O|  |TAMS 0x00000000a6c00000, 0x00000000a6b00000| Updating 
| 620|0x00000000a6c00000, 0x00000000a6c00000, 0x00000000a6d00000|  0%| F|  |TAMS 0x00000000a6c00000, 0x00000000a6c00000| Untracked 
| 621|0x00000000a6d00000, 0x00000000a6e00000, 0x00000000a6e00000|100%| O|  |TAMS 0x00000000a6e00000, 0x00000000a6d00000| Updating 
| 622|0x00000000a6e00000, 0x00000000a6f00000, 0x00000000a6f00000|100%| O|  |TAMS 0x00000000a6f00000, 0x00000000a6e00000| Updating 
| 623|0x00000000a6f00000, 0x00000000a6f00000, 0x00000000a7000000|  0%| F|  |TAMS 0x00000000a6f00000, 0x00000000a6f00000| Untracked 
| 624|0x00000000a7000000, 0x00000000a7100000, 0x00000000a7100000|100%| O|  |TAMS 0x00000000a7100000, 0x00000000a7000000| Updating 
| 625|0x00000000a7100000, 0x00000000a7200000, 0x00000000a7200000|100%| O|  |TAMS 0x00000000a7200000, 0x00000000a7100000| Updating 
| 626|0x00000000a7200000, 0x00000000a7300000, 0x00000000a7300000|100%| O|  |TAMS 0x00000000a7300000, 0x00000000a7200000| Updating 
| 627|0x00000000a7300000, 0x00000000a7400000, 0x00000000a7400000|100%| O|  |TAMS 0x00000000a7400000, 0x00000000a7300000| Updating 
| 628|0x00000000a7400000, 0x00000000a7500000, 0x00000000a7500000|100%| O|  |TAMS 0x00000000a7500000, 0x00000000a7400000| Updating 
| 629|0x00000000a7500000, 0x00000000a7600000, 0x00000000a7600000|100%| O|  |TAMS 0x00000000a7600000, 0x00000000a7500000| Updating 
| 630|0x00000000a7600000, 0x00000000a7700000, 0x00000000a7700000|100%| O|  |TAMS 0x00000000a7700000, 0x00000000a7600000| Updating 
| 631|0x00000000a7700000, 0x00000000a7700000, 0x00000000a7800000|  0%| F|  |TAMS 0x00000000a7700000, 0x00000000a7700000| Untracked 
| 632|0x00000000a7800000, 0x00000000a7800000, 0x00000000a7900000|  0%| F|  |TAMS 0x00000000a7800000, 0x00000000a7800000| Untracked 
| 633|0x00000000a7900000, 0x00000000a7900000, 0x00000000a7a00000|  0%| F|  |TAMS 0x00000000a7900000, 0x00000000a7900000| Untracked 
| 634|0x00000000a7a00000, 0x00000000a7b00000, 0x00000000a7b00000|100%| O|  |TAMS 0x00000000a7b00000, 0x00000000a7a00000| Updating 
| 635|0x00000000a7b00000, 0x00000000a7c00000, 0x00000000a7c00000|100%| O|  |TAMS 0x00000000a7c00000, 0x00000000a7b00000| Updating 
| 636|0x00000000a7c00000, 0x00000000a7d00000, 0x00000000a7d00000|100%| O|  |TAMS 0x00000000a7d00000, 0x00000000a7c00000| Updating 
| 637|0x00000000a7d00000, 0x00000000a7e00000, 0x00000000a7e00000|100%| O|  |TAMS 0x00000000a7e00000, 0x00000000a7d00000| Updating 
| 638|0x00000000a7e00000, 0x00000000a7f00000, 0x00000000a7f00000|100%| O|  |TAMS 0x00000000a7f00000, 0x00000000a7e00000| Updating 
| 639|0x00000000a7f00000, 0x00000000a8000000, 0x00000000a8000000|100%| O|  |TAMS 0x00000000a8000000, 0x00000000a7f00000| Updating 
| 640|0x00000000a8000000, 0x00000000a8100000, 0x00000000a8100000|100%| O|  |TAMS 0x00000000a8100000, 0x00000000a8000000| Updating 
| 641|0x00000000a8100000, 0x00000000a8200000, 0x00000000a8200000|100%| O|  |TAMS 0x00000000a8200000, 0x00000000a8100000| Updating 
| 642|0x00000000a8200000, 0x00000000a8300000, 0x00000000a8300000|100%| O|  |TAMS 0x00000000a8300000, 0x00000000a8200000| Updating 
| 643|0x00000000a8300000, 0x00000000a8300000, 0x00000000a8400000|  0%| F|  |TAMS 0x00000000a8300000, 0x00000000a8300000| Untracked 
| 644|0x00000000a8400000, 0x00000000a8500000, 0x00000000a8500000|100%| O|  |TAMS 0x00000000a8500000, 0x00000000a8400000| Updating 
| 645|0x00000000a8500000, 0x00000000a8600000, 0x00000000a8600000|100%| O|  |TAMS 0x00000000a8600000, 0x00000000a8500000| Updating 
| 646|0x00000000a8600000, 0x00000000a8700000, 0x00000000a8700000|100%| O|  |TAMS 0x00000000a8700000, 0x00000000a8600000| Updating 
| 647|0x00000000a8700000, 0x00000000a8800000, 0x00000000a8800000|100%| O|  |TAMS 0x00000000a8800000, 0x00000000a8700000| Updating 
| 648|0x00000000a8800000, 0x00000000a8900000, 0x00000000a8900000|100%| O|  |TAMS 0x00000000a8900000, 0x00000000a8800000| Updating 
| 649|0x00000000a8900000, 0x00000000a8a00000, 0x00000000a8a00000|100%| O|  |TAMS 0x00000000a8a00000, 0x00000000a8900000| Updating 
| 650|0x00000000a8a00000, 0x00000000a8a00000, 0x00000000a8b00000|  0%| F|  |TAMS 0x00000000a8a00000, 0x00000000a8a00000| Untracked 
| 651|0x00000000a8b00000, 0x00000000a8c00000, 0x00000000a8c00000|100%| O|  |TAMS 0x00000000a8c00000, 0x00000000a8b00000| Updating 
| 652|0x00000000a8c00000, 0x00000000a8d00000, 0x00000000a8d00000|100%| O|  |TAMS 0x00000000a8d00000, 0x00000000a8c00000| Updating 
| 653|0x00000000a8d00000, 0x00000000a8e00000, 0x00000000a8e00000|100%| O|  |TAMS 0x00000000a8e00000, 0x00000000a8d00000| Updating 
| 654|0x00000000a8e00000, 0x00000000a8e00000, 0x00000000a8f00000|  0%| F|  |TAMS 0x00000000a8e00000, 0x00000000a8e00000| Untracked 
| 655|0x00000000a8f00000, 0x00000000a8f00000, 0x00000000a9000000|  0%| F|  |TAMS 0x00000000a8f00000, 0x00000000a8f00000| Untracked 
| 656|0x00000000a9000000, 0x00000000a9100000, 0x00000000a9100000|100%| O|  |TAMS 0x00000000a9100000, 0x00000000a9000000| Updating 
| 657|0x00000000a9100000, 0x00000000a9200000, 0x00000000a9200000|100%| O|  |TAMS 0x00000000a9200000, 0x00000000a9100000| Updating 
| 658|0x00000000a9200000, 0x00000000a9200000, 0x00000000a9300000|  0%| F|  |TAMS 0x00000000a9200000, 0x00000000a9200000| Untracked 
| 659|0x00000000a9300000, 0x00000000a9400000, 0x00000000a9400000|100%| O|  |TAMS 0x00000000a9400000, 0x00000000a9300000| Updating 
| 660|0x00000000a9400000, 0x00000000a9500000, 0x00000000a9500000|100%| O|  |TAMS 0x00000000a9500000, 0x00000000a9400000| Updating 
| 661|0x00000000a9500000, 0x00000000a9600000, 0x00000000a9600000|100%| O|  |TAMS 0x00000000a9600000, 0x00000000a9500000| Updating 
| 662|0x00000000a9600000, 0x00000000a9700000, 0x00000000a9700000|100%| O|  |TAMS 0x00000000a9700000, 0x00000000a9600000| Updating 
| 663|0x00000000a9700000, 0x00000000a9800000, 0x00000000a9800000|100%| O|  |TAMS 0x00000000a9800000, 0x00000000a9700000| Updating 
| 664|0x00000000a9800000, 0x00000000a9900000, 0x00000000a9900000|100%| O|  |TAMS 0x00000000a9900000, 0x00000000a9800000| Updating 
| 665|0x00000000a9900000, 0x00000000a9a00000, 0x00000000a9a00000|100%| O|  |TAMS 0x00000000a9a00000, 0x00000000a9900000| Updating 
| 666|0x00000000a9a00000, 0x00000000a9b00000, 0x00000000a9b00000|100%|HS|  |TAMS 0x00000000a9b00000, 0x00000000a9a00000| Complete 
| 667|0x00000000a9b00000, 0x00000000a9c00000, 0x00000000a9c00000|100%|HC|  |TAMS 0x00000000a9c00000, 0x00000000a9b00000| Complete 
| 668|0x00000000a9c00000, 0x00000000a9d00000, 0x00000000a9d00000|100%|HS|  |TAMS 0x00000000a9d00000, 0x00000000a9c00000| Complete 
| 669|0x00000000a9d00000, 0x00000000a9e00000, 0x00000000a9e00000|100%|HC|  |TAMS 0x00000000a9e00000, 0x00000000a9d00000| Complete 
| 670|0x00000000a9e00000, 0x00000000a9f00000, 0x00000000a9f00000|100%|HC|  |TAMS 0x00000000a9f00000, 0x00000000a9e00000| Complete 
| 671|0x00000000a9f00000, 0x00000000aa000000, 0x00000000aa000000|100%| O|  |TAMS 0x00000000aa000000, 0x00000000a9f00000| Updating 
| 672|0x00000000aa000000, 0x00000000aa100000, 0x00000000aa100000|100%|HS|  |TAMS 0x00000000aa100000, 0x00000000aa000000| Complete 
| 673|0x00000000aa100000, 0x00000000aa200000, 0x00000000aa200000|100%|HC|  |TAMS 0x00000000aa200000, 0x00000000aa100000| Complete 
| 674|0x00000000aa200000, 0x00000000aa300000, 0x00000000aa300000|100%|HC|  |TAMS 0x00000000aa300000, 0x00000000aa200000| Complete 
| 675|0x00000000aa300000, 0x00000000aa400000, 0x00000000aa400000|100%|HS|  |TAMS 0x00000000aa400000, 0x00000000aa300000| Complete 
| 676|0x00000000aa400000, 0x00000000aa500000, 0x00000000aa500000|100%|HC|  |TAMS 0x00000000aa500000, 0x00000000aa400000| Complete 
| 677|0x00000000aa500000, 0x00000000aa600000, 0x00000000aa600000|100%|HS|  |TAMS 0x00000000aa600000, 0x00000000aa500000| Complete 
| 678|0x00000000aa600000, 0x00000000aa700000, 0x00000000aa700000|100%|HS|  |TAMS 0x00000000aa700000, 0x00000000aa600000| Complete 
| 679|0x00000000aa700000, 0x00000000aa800000, 0x00000000aa800000|100%|HS|  |TAMS 0x00000000aa800000, 0x00000000aa700000| Complete 
| 680|0x00000000aa800000, 0x00000000aa900000, 0x00000000aa900000|100%|HS|  |TAMS 0x00000000aa900000, 0x00000000aa800000| Complete 
| 681|0x00000000aa900000, 0x00000000aaa00000, 0x00000000aaa00000|100%|HC|  |TAMS 0x00000000aaa00000, 0x00000000aa900000| Complete 
| 682|0x00000000aaa00000, 0x00000000aab00000, 0x00000000aab00000|100%|HS|  |TAMS 0x00000000aab00000, 0x00000000aaa00000| Complete 
| 683|0x00000000aab00000, 0x00000000aac00000, 0x00000000aac00000|100%|HS|  |TAMS 0x00000000aac00000, 0x00000000aab00000| Complete 
| 684|0x00000000aac00000, 0x00000000aad00000, 0x00000000aad00000|100%|HC|  |TAMS 0x00000000aad00000, 0x00000000aac00000| Complete 
| 685|0x00000000aad00000, 0x00000000aae00000, 0x00000000aae00000|100%|HC|  |TAMS 0x00000000aae00000, 0x00000000aad00000| Complete 
| 686|0x00000000aae00000, 0x00000000aaf00000, 0x00000000aaf00000|100%|HS|  |TAMS 0x00000000aaf00000, 0x00000000aae00000| Complete 
| 687|0x00000000aaf00000, 0x00000000ab000000, 0x00000000ab000000|100%|HC|  |TAMS 0x00000000ab000000, 0x00000000aaf00000| Complete 
| 688|0x00000000ab000000, 0x00000000ab100000, 0x00000000ab100000|100%| O|  |TAMS 0x00000000ab100000, 0x00000000ab000000| Updating 
| 689|0x00000000ab100000, 0x00000000ab200000, 0x00000000ab200000|100%|HS|  |TAMS 0x00000000ab200000, 0x00000000ab100000| Complete 
| 690|0x00000000ab200000, 0x00000000ab300000, 0x00000000ab300000|100%|HC|  |TAMS 0x00000000ab300000, 0x00000000ab200000| Complete 
| 691|0x00000000ab300000, 0x00000000ab400000, 0x00000000ab400000|100%| O|  |TAMS 0x00000000ab400000, 0x00000000ab300000| Untracked 
| 692|0x00000000ab400000, 0x00000000ab500000, 0x00000000ab500000|100%|HS|  |TAMS 0x00000000ab500000, 0x00000000ab400000| Complete 
| 693|0x00000000ab500000, 0x00000000ab600000, 0x00000000ab600000|100%|HS|  |TAMS 0x00000000ab600000, 0x00000000ab500000| Complete 
| 694|0x00000000ab600000, 0x00000000ab700000, 0x00000000ab700000|100%|HC|  |TAMS 0x00000000ab700000, 0x00000000ab600000| Complete 
| 695|0x00000000ab700000, 0x00000000ab800000, 0x00000000ab800000|100%|HS|  |TAMS 0x00000000ab800000, 0x00000000ab700000| Complete 
| 696|0x00000000ab800000, 0x00000000ab900000, 0x00000000ab900000|100%|HC|  |TAMS 0x00000000ab900000, 0x00000000ab800000| Complete 
| 697|0x00000000ab900000, 0x00000000aba00000, 0x00000000aba00000|100%|HC|  |TAMS 0x00000000aba00000, 0x00000000ab900000| Complete 
| 698|0x00000000aba00000, 0x00000000abb00000, 0x00000000abb00000|100%| O|  |TAMS 0x00000000abb00000, 0x00000000aba00000| Untracked 
| 699|0x00000000abb00000, 0x00000000abc00000, 0x00000000abc00000|100%| O|  |TAMS 0x00000000abc00000, 0x00000000abb00000| Untracked 
| 700|0x00000000abc00000, 0x00000000abd00000, 0x00000000abd00000|100%| O|  |TAMS 0x00000000abd00000, 0x00000000abc00000| Untracked 
| 701|0x00000000abd00000, 0x00000000abe00000, 0x00000000abe00000|100%|HS|  |TAMS 0x00000000abe00000, 0x00000000abd00000| Complete 
| 702|0x00000000abe00000, 0x00000000abf00000, 0x00000000abf00000|100%|HC|  |TAMS 0x00000000abf00000, 0x00000000abe00000| Complete 
| 703|0x00000000abf00000, 0x00000000ac000000, 0x00000000ac000000|100%| O|  |TAMS 0x00000000ac000000, 0x00000000abf00000| Untracked 
| 704|0x00000000ac000000, 0x00000000ac100000, 0x00000000ac100000|100%|HS|  |TAMS 0x00000000ac100000, 0x00000000ac000000| Complete 
| 705|0x00000000ac100000, 0x00000000ac100000, 0x00000000ac200000|  0%| F|  |TAMS 0x00000000ac100000, 0x00000000ac100000| Untracked 
| 706|0x00000000ac200000, 0x00000000ac300000, 0x00000000ac300000|100%|HS|  |TAMS 0x00000000ac300000, 0x00000000ac200000| Complete 
| 707|0x00000000ac300000, 0x00000000ac300000, 0x00000000ac400000|  0%| F|  |TAMS 0x00000000ac300000, 0x00000000ac300000| Untracked 
| 708|0x00000000ac400000, 0x00000000ac500000, 0x00000000ac500000|100%|HS|  |TAMS 0x00000000ac500000, 0x00000000ac400000| Complete 
| 709|0x00000000ac500000, 0x00000000ac600000, 0x00000000ac600000|100%| O|  |TAMS 0x00000000ac600000, 0x00000000ac500000| Untracked 
| 710|0x00000000ac600000, 0x00000000ac700000, 0x00000000ac700000|100%| O|  |TAMS 0x00000000ac700000, 0x00000000ac600000| Updating 
| 711|0x00000000ac700000, 0x00000000ac800000, 0x00000000ac800000|100%| O|  |TAMS 0x00000000ac800000, 0x00000000ac700000| Untracked 
| 712|0x00000000ac800000, 0x00000000ac900000, 0x00000000ac900000|100%| O|  |TAMS 0x00000000ac900000, 0x00000000ac800000| Updating 
| 713|0x00000000ac900000, 0x00000000aca00000, 0x00000000aca00000|100%| O|  |TAMS 0x00000000aca00000, 0x00000000ac900000| Updating 
| 714|0x00000000aca00000, 0x00000000acb00000, 0x00000000acb00000|100%| O|  |TAMS 0x00000000acb00000, 0x00000000aca00000| Updating 
| 715|0x00000000acb00000, 0x00000000acc00000, 0x00000000acc00000|100%| O|  |TAMS 0x00000000acc00000, 0x00000000acb00000| Untracked 
| 716|0x00000000acc00000, 0x00000000acd00000, 0x00000000acd00000|100%| O|  |TAMS 0x00000000acd00000, 0x00000000acc00000| Untracked 
| 717|0x00000000acd00000, 0x00000000ace00000, 0x00000000ace00000|100%| O|  |TAMS 0x00000000ace00000, 0x00000000acd00000| Untracked 
| 718|0x00000000ace00000, 0x00000000acf00000, 0x00000000acf00000|100%|HS|  |TAMS 0x00000000acf00000, 0x00000000ace00000| Complete 
| 719|0x00000000acf00000, 0x00000000ad000000, 0x00000000ad000000|100%|HC|  |TAMS 0x00000000ad000000, 0x00000000acf00000| Complete 
| 720|0x00000000ad000000, 0x00000000ad100000, 0x00000000ad100000|100%|HC|  |TAMS 0x00000000ad100000, 0x00000000ad000000| Complete 
| 721|0x00000000ad100000, 0x00000000ad200000, 0x00000000ad200000|100%| O|  |TAMS 0x00000000ad200000, 0x00000000ad100000| Untracked 
| 722|0x00000000ad200000, 0x00000000ad300000, 0x00000000ad300000|100%| O|  |TAMS 0x00000000ad300000, 0x00000000ad200000| Untracked 
| 723|0x00000000ad300000, 0x00000000ad400000, 0x00000000ad400000|100%|HS|  |TAMS 0x00000000ad400000, 0x00000000ad300000| Complete 
| 724|0x00000000ad400000, 0x00000000ad500000, 0x00000000ad500000|100%|HC|  |TAMS 0x00000000ad500000, 0x00000000ad400000| Complete 
| 725|0x00000000ad500000, 0x00000000ad600000, 0x00000000ad600000|100%| O|  |TAMS 0x00000000ad600000, 0x00000000ad500000| Updating 
| 726|0x00000000ad600000, 0x00000000ad700000, 0x00000000ad700000|100%| O|  |TAMS 0x00000000ad700000, 0x00000000ad600000| Updating 
| 727|0x00000000ad700000, 0x00000000ad800000, 0x00000000ad800000|100%|HS|  |TAMS 0x00000000ad800000, 0x00000000ad700000| Complete 
| 728|0x00000000ad800000, 0x00000000ad900000, 0x00000000ad900000|100%|HC|  |TAMS 0x00000000ad900000, 0x00000000ad800000| Complete 
| 729|0x00000000ad900000, 0x00000000ada00000, 0x00000000ada00000|100%|HS|  |TAMS 0x00000000ada00000, 0x00000000ad900000| Complete 
| 730|0x00000000ada00000, 0x00000000adb00000, 0x00000000adb00000|100%|HC|  |TAMS 0x00000000adb00000, 0x00000000ada00000| Complete 
| 731|0x00000000adb00000, 0x00000000adc00000, 0x00000000adc00000|100%| O|  |TAMS 0x00000000adc00000, 0x00000000adb00000| Untracked 
| 732|0x00000000adc00000, 0x00000000add00000, 0x00000000add00000|100%| O|  |TAMS 0x00000000add00000, 0x00000000adc00000| Untracked 
| 733|0x00000000add00000, 0x00000000ade00000, 0x00000000ade00000|100%| O|  |TAMS 0x00000000ade00000, 0x00000000add00000| Untracked 
| 734|0x00000000ade00000, 0x00000000adf00000, 0x00000000adf00000|100%|HS|  |TAMS 0x00000000adf00000, 0x00000000ade00000| Complete 
| 735|0x00000000adf00000, 0x00000000ae000000, 0x00000000ae000000|100%|HC|  |TAMS 0x00000000ae000000, 0x00000000adf00000| Complete 
| 736|0x00000000ae000000, 0x00000000ae100000, 0x00000000ae100000|100%|HC|  |TAMS 0x00000000ae100000, 0x00000000ae000000| Complete 
| 737|0x00000000ae100000, 0x00000000ae200000, 0x00000000ae200000|100%| O|  |TAMS 0x00000000ae200000, 0x00000000ae100000| Untracked 
| 738|0x00000000ae200000, 0x00000000ae300000, 0x00000000ae300000|100%| O|  |TAMS 0x00000000ae300000, 0x00000000ae200000| Updating 
| 739|0x00000000ae300000, 0x00000000ae400000, 0x00000000ae400000|100%| O|  |TAMS 0x00000000ae400000, 0x00000000ae300000| Updating 
| 740|0x00000000ae400000, 0x00000000ae500000, 0x00000000ae500000|100%| O|  |TAMS 0x00000000ae500000, 0x00000000ae400000| Updating 
| 741|0x00000000ae500000, 0x00000000ae600000, 0x00000000ae600000|100%| O|  |TAMS 0x00000000ae600000, 0x00000000ae500000| Untracked 
| 742|0x00000000ae600000, 0x00000000ae700000, 0x00000000ae700000|100%| O|  |TAMS 0x00000000ae700000, 0x00000000ae600000| Untracked 
| 743|0x00000000ae700000, 0x00000000ae800000, 0x00000000ae800000|100%| O|  |TAMS 0x00000000ae800000, 0x00000000ae700000| Updating 
| 744|0x00000000ae800000, 0x00000000ae900000, 0x00000000ae900000|100%| O|  |TAMS 0x00000000ae900000, 0x00000000ae800000| Untracked 
| 745|0x00000000ae900000, 0x00000000aea00000, 0x00000000aea00000|100%| O|  |TAMS 0x00000000aea00000, 0x00000000ae900000| Untracked 
| 746|0x00000000aea00000, 0x00000000aeb00000, 0x00000000aeb00000|100%| O|  |TAMS 0x00000000aeb00000, 0x00000000aea00000| Untracked 
| 747|0x00000000aeb00000, 0x00000000aec00000, 0x00000000aec00000|100%| O|  |TAMS 0x00000000aec00000, 0x00000000aeb00000| Untracked 
| 748|0x00000000aec00000, 0x00000000aed00000, 0x00000000aed00000|100%| O|  |TAMS 0x00000000aed00000, 0x00000000aec00000| Untracked 
| 749|0x00000000aed00000, 0x00000000aee00000, 0x00000000aee00000|100%| O|  |TAMS 0x00000000aee00000, 0x00000000aed00000| Untracked 
| 750|0x00000000aee00000, 0x00000000aef00000, 0x00000000aef00000|100%| O|  |TAMS 0x00000000aef00000, 0x00000000aee00000| Untracked 
| 751|0x00000000aef00000, 0x00000000af000000, 0x00000000af000000|100%| O|  |TAMS 0x00000000af000000, 0x00000000aef00000| Updating 
| 752|0x00000000af000000, 0x00000000af100000, 0x00000000af100000|100%| O|  |TAMS 0x00000000af100000, 0x00000000af000000| Untracked 
| 753|0x00000000af100000, 0x00000000af200000, 0x00000000af200000|100%| O|  |TAMS 0x00000000af200000, 0x00000000af100000| Untracked 
| 754|0x00000000af200000, 0x00000000af300000, 0x00000000af300000|100%| O|  |TAMS 0x00000000af300000, 0x00000000af200000| Untracked 
| 755|0x00000000af300000, 0x00000000af400000, 0x00000000af400000|100%| O|  |TAMS 0x00000000af400000, 0x00000000af300000| Untracked 
| 756|0x00000000af400000, 0x00000000af500000, 0x00000000af500000|100%| O|  |TAMS 0x00000000af500000, 0x00000000af400000| Untracked 
| 757|0x00000000af500000, 0x00000000af600000, 0x00000000af600000|100%| O|  |TAMS 0x00000000af600000, 0x00000000af500000| Updating 
| 758|0x00000000af600000, 0x00000000af700000, 0x00000000af700000|100%| O|  |TAMS 0x00000000af700000, 0x00000000af600000| Untracked 
| 759|0x00000000af700000, 0x00000000af800000, 0x00000000af800000|100%| O|  |TAMS 0x00000000af800000, 0x00000000af700000| Untracked 
| 760|0x00000000af800000, 0x00000000af900000, 0x00000000af900000|100%| O|  |TAMS 0x00000000af900000, 0x00000000af800000| Untracked 
| 761|0x00000000af900000, 0x00000000afa00000, 0x00000000afa00000|100%| O|  |TAMS 0x00000000afa00000, 0x00000000af900000| Untracked 
| 762|0x00000000afa00000, 0x00000000afb00000, 0x00000000afb00000|100%| O|  |TAMS 0x00000000afb00000, 0x00000000afa00000| Untracked 
| 763|0x00000000afb00000, 0x00000000afc00000, 0x00000000afc00000|100%| O|  |TAMS 0x00000000afc00000, 0x00000000afb00000| Untracked 
| 764|0x00000000afc00000, 0x00000000afd00000, 0x00000000afd00000|100%| O|  |TAMS 0x00000000afd00000, 0x00000000afc00000| Untracked 
| 765|0x00000000afd00000, 0x00000000afe00000, 0x00000000afe00000|100%| O|  |TAMS 0x00000000afe00000, 0x00000000afd00000| Untracked 
| 766|0x00000000afe00000, 0x00000000aff00000, 0x00000000aff00000|100%| O|  |TAMS 0x00000000aff00000, 0x00000000afe00000| Untracked 
| 767|0x00000000aff00000, 0x00000000b0000000, 0x00000000b0000000|100%| O|  |TAMS 0x00000000b0000000, 0x00000000aff00000| Untracked 
| 768|0x00000000b0000000, 0x00000000b0100000, 0x00000000b0100000|100%| O|  |TAMS 0x00000000b0100000, 0x00000000b0000000| Updating 
| 769|0x00000000b0100000, 0x00000000b0200000, 0x00000000b0200000|100%| O|  |TAMS 0x00000000b0200000, 0x00000000b0100000| Updating 
| 770|0x00000000b0200000, 0x00000000b0300000, 0x00000000b0300000|100%| O|  |TAMS 0x00000000b0300000, 0x00000000b0200000| Untracked 
| 771|0x00000000b0300000, 0x00000000b0400000, 0x00000000b0400000|100%| O|  |TAMS 0x00000000b0400000, 0x00000000b0300000| Untracked 
| 772|0x00000000b0400000, 0x00000000b0500000, 0x00000000b0500000|100%| O|  |TAMS 0x00000000b0500000, 0x00000000b0400000| Untracked 
| 773|0x00000000b0500000, 0x00000000b0600000, 0x00000000b0600000|100%| O|  |TAMS 0x00000000b0600000, 0x00000000b0500000| Untracked 
| 774|0x00000000b0600000, 0x00000000b0700000, 0x00000000b0700000|100%| O|  |TAMS 0x00000000b0700000, 0x00000000b0600000| Untracked 
| 775|0x00000000b0700000, 0x00000000b0800000, 0x00000000b0800000|100%| O|  |TAMS 0x00000000b0800000, 0x00000000b0700000| Untracked 
| 776|0x00000000b0800000, 0x00000000b0900000, 0x00000000b0900000|100%| O|  |TAMS 0x00000000b0900000, 0x00000000b0800000| Untracked 
| 777|0x00000000b0900000, 0x00000000b0a00000, 0x00000000b0a00000|100%| O|  |TAMS 0x00000000b0a00000, 0x00000000b0900000| Untracked 
| 778|0x00000000b0a00000, 0x00000000b0b00000, 0x00000000b0b00000|100%| O|  |TAMS 0x00000000b0b00000, 0x00000000b0a00000| Untracked 
| 779|0x00000000b0b00000, 0x00000000b0c00000, 0x00000000b0c00000|100%| O|  |TAMS 0x00000000b0c00000, 0x00000000b0b00000| Untracked 
| 780|0x00000000b0c00000, 0x00000000b0d00000, 0x00000000b0d00000|100%| O|  |TAMS 0x00000000b0d00000, 0x00000000b0c00000| Untracked 
| 781|0x00000000b0d00000, 0x00000000b0e00000, 0x00000000b0e00000|100%| O|  |TAMS 0x00000000b0e00000, 0x00000000b0d00000| Untracked 
| 782|0x00000000b0e00000, 0x00000000b0f00000, 0x00000000b0f00000|100%| O|  |TAMS 0x00000000b0f00000, 0x00000000b0e00000| Untracked 
| 783|0x00000000b0f00000, 0x00000000b1000000, 0x00000000b1000000|100%| O|  |TAMS 0x00000000b1000000, 0x00000000b0f00000| Untracked 
| 784|0x00000000b1000000, 0x00000000b1100000, 0x00000000b1100000|100%| O|  |TAMS 0x00000000b1100000, 0x00000000b1000000| Untracked 
| 785|0x00000000b1100000, 0x00000000b1200000, 0x00000000b1200000|100%| O|  |TAMS 0x00000000b1200000, 0x00000000b1100000| Untracked 
| 786|0x00000000b1200000, 0x00000000b1300000, 0x00000000b1300000|100%| O|  |TAMS 0x00000000b1300000, 0x00000000b1200000| Untracked 
| 787|0x00000000b1300000, 0x00000000b1400000, 0x00000000b1400000|100%| O|  |TAMS 0x00000000b1400000, 0x00000000b1300000| Untracked 
| 788|0x00000000b1400000, 0x00000000b1500000, 0x00000000b1500000|100%| O|  |TAMS 0x00000000b1500000, 0x00000000b1400000| Updating 
| 789|0x00000000b1500000, 0x00000000b1600000, 0x00000000b1600000|100%| O|  |TAMS 0x00000000b1596a00, 0x00000000b1500000| Updating 
| 790|0x00000000b1600000, 0x00000000b1700000, 0x00000000b1700000|100%| O|  |TAMS 0x00000000b1600000, 0x00000000b1600000| Untracked 
| 791|0x00000000b1700000, 0x00000000b1800000, 0x00000000b1800000|100%| O|  |TAMS 0x00000000b1700000, 0x00000000b1700000| Untracked 
| 792|0x00000000b1800000, 0x00000000b1900000, 0x00000000b1900000|100%| O|  |TAMS 0x00000000b1800000, 0x00000000b1800000| Untracked 
| 793|0x00000000b1900000, 0x00000000b1a00000, 0x00000000b1a00000|100%| O|  |TAMS 0x00000000b1900000, 0x00000000b1900000| Untracked 
| 794|0x00000000b1a00000, 0x00000000b1b00000, 0x00000000b1b00000|100%| O|  |TAMS 0x00000000b1a00000, 0x00000000b1a00000| Untracked 
| 795|0x00000000b1b00000, 0x00000000b1c00000, 0x00000000b1c00000|100%| O|  |TAMS 0x00000000b1b00000, 0x00000000b1b00000| Untracked 
| 796|0x00000000b1c00000, 0x00000000b1d00000, 0x00000000b1d00000|100%| O|  |TAMS 0x00000000b1c00000, 0x00000000b1c00000| Untracked 
| 797|0x00000000b1d00000, 0x00000000b1e00000, 0x00000000b1e00000|100%| O|  |TAMS 0x00000000b1d00000, 0x00000000b1d00000| Untracked 
| 798|0x00000000b1e00000, 0x00000000b1f00000, 0x00000000b1f00000|100%| O|  |TAMS 0x00000000b1e00000, 0x00000000b1e00000| Untracked 
| 799|0x00000000b1f00000, 0x00000000b2000000, 0x00000000b2000000|100%| O|  |TAMS 0x00000000b1f00000, 0x00000000b1f00000| Untracked 
| 800|0x00000000b2000000, 0x00000000b2100000, 0x00000000b2100000|100%| O|  |TAMS 0x00000000b2000000, 0x00000000b2000000| Untracked 
| 801|0x00000000b2100000, 0x00000000b2200000, 0x00000000b2200000|100%| O|  |TAMS 0x00000000b2100000, 0x00000000b2100000| Untracked 
| 802|0x00000000b2200000, 0x00000000b2300000, 0x00000000b2300000|100%| O|  |TAMS 0x00000000b2200000, 0x00000000b2200000| Untracked 
| 803|0x00000000b2300000, 0x00000000b2400000, 0x00000000b2400000|100%| O|  |TAMS 0x00000000b2300000, 0x00000000b2300000| Untracked 
| 804|0x00000000b2400000, 0x00000000b2500000, 0x00000000b2500000|100%| O|  |TAMS 0x00000000b2400000, 0x00000000b2400000| Untracked 
| 805|0x00000000b2500000, 0x00000000b2600000, 0x00000000b2600000|100%| O|  |TAMS 0x00000000b2500000, 0x00000000b2500000| Untracked 
| 806|0x00000000b2600000, 0x00000000b2700000, 0x00000000b2700000|100%| O|  |TAMS 0x00000000b2600000, 0x00000000b2600000| Untracked 
| 807|0x00000000b2700000, 0x00000000b2800000, 0x00000000b2800000|100%| O|  |TAMS 0x00000000b2700000, 0x00000000b2700000| Untracked 
| 808|0x00000000b2800000, 0x00000000b2900000, 0x00000000b2900000|100%| O|  |TAMS 0x00000000b2800000, 0x00000000b2800000| Untracked 
| 809|0x00000000b2900000, 0x00000000b2a00000, 0x00000000b2a00000|100%| O|  |TAMS 0x00000000b2900000, 0x00000000b2900000| Untracked 
| 810|0x00000000b2a00000, 0x00000000b2b00000, 0x00000000b2b00000|100%| O|  |TAMS 0x00000000b2a00000, 0x00000000b2a00000| Untracked 
| 811|0x00000000b2b00000, 0x00000000b2c00000, 0x00000000b2c00000|100%| O|  |TAMS 0x00000000b2b00000, 0x00000000b2b00000| Untracked 
| 812|0x00000000b2c00000, 0x00000000b2d00000, 0x00000000b2d00000|100%| O|  |TAMS 0x00000000b2c00000, 0x00000000b2c00000| Untracked 
| 813|0x00000000b2d00000, 0x00000000b2e00000, 0x00000000b2e00000|100%| O|  |TAMS 0x00000000b2d00000, 0x00000000b2d00000| Untracked 
| 814|0x00000000b2e00000, 0x00000000b2f00000, 0x00000000b2f00000|100%| O|  |TAMS 0x00000000b2e00000, 0x00000000b2e00000| Untracked 
| 815|0x00000000b2f00000, 0x00000000b3000000, 0x00000000b3000000|100%| O|  |TAMS 0x00000000b2f00000, 0x00000000b2f00000| Untracked 
| 816|0x00000000b3000000, 0x00000000b3100000, 0x00000000b3100000|100%| O|  |TAMS 0x00000000b3000000, 0x00000000b3000000| Untracked 
| 817|0x00000000b3100000, 0x00000000b3200000, 0x00000000b3200000|100%| O|  |TAMS 0x00000000b3100000, 0x00000000b3100000| Untracked 
| 818|0x00000000b3200000, 0x00000000b3300000, 0x00000000b3300000|100%| O|  |TAMS 0x00000000b3200000, 0x00000000b3200000| Untracked 
| 819|0x00000000b3300000, 0x00000000b3400000, 0x00000000b3400000|100%| O|  |TAMS 0x00000000b3300000, 0x00000000b3300000| Untracked 
| 820|0x00000000b3400000, 0x00000000b3500000, 0x00000000b3500000|100%| O|  |TAMS 0x00000000b3400000, 0x00000000b3400000| Untracked 
| 821|0x00000000b3500000, 0x00000000b3600000, 0x00000000b3600000|100%| O|  |TAMS 0x00000000b3500000, 0x00000000b3500000| Untracked 
| 822|0x00000000b3600000, 0x00000000b3700000, 0x00000000b3700000|100%| O|  |TAMS 0x00000000b3600000, 0x00000000b3600000| Untracked 
| 823|0x00000000b3700000, 0x00000000b3800000, 0x00000000b3800000|100%| O|  |TAMS 0x00000000b3700000, 0x00000000b3700000| Untracked 
| 824|0x00000000b3800000, 0x00000000b3900000, 0x00000000b3900000|100%| O|  |TAMS 0x00000000b3800000, 0x00000000b3800000| Untracked 
| 825|0x00000000b3900000, 0x00000000b3a00000, 0x00000000b3a00000|100%| O|  |TAMS 0x00000000b3900000, 0x00000000b3900000| Untracked 
| 826|0x00000000b3a00000, 0x00000000b3b00000, 0x00000000b3b00000|100%| O|  |TAMS 0x00000000b3a00000, 0x00000000b3a00000| Untracked 
| 827|0x00000000b3b00000, 0x00000000b3c00000, 0x00000000b3c00000|100%| O|  |TAMS 0x00000000b3b00000, 0x00000000b3b00000| Untracked 
| 828|0x00000000b3c00000, 0x00000000b3d00000, 0x00000000b3d00000|100%| O|  |TAMS 0x00000000b3c00000, 0x00000000b3c00000| Untracked 
| 829|0x00000000b3d00000, 0x00000000b3e00000, 0x00000000b3e00000|100%| O|  |TAMS 0x00000000b3d00000, 0x00000000b3d00000| Untracked 
| 830|0x00000000b3e00000, 0x00000000b3f00000, 0x00000000b3f00000|100%| O|  |TAMS 0x00000000b3e00000, 0x00000000b3e00000| Untracked 
| 831|0x00000000b3f00000, 0x00000000b4000000, 0x00000000b4000000|100%| O|  |TAMS 0x00000000b3f00000, 0x00000000b3f00000| Untracked 
| 832|0x00000000b4000000, 0x00000000b4100000, 0x00000000b4100000|100%| O|  |TAMS 0x00000000b4000000, 0x00000000b4000000| Untracked 
| 833|0x00000000b4100000, 0x00000000b4200000, 0x00000000b4200000|100%| O|  |TAMS 0x00000000b4100000, 0x00000000b4100000| Untracked 
| 834|0x00000000b4200000, 0x00000000b4300000, 0x00000000b4300000|100%| O|  |TAMS 0x00000000b4200000, 0x00000000b4200000| Untracked 
| 835|0x00000000b4300000, 0x00000000b4400000, 0x00000000b4400000|100%| O|  |TAMS 0x00000000b4300000, 0x00000000b4300000| Untracked 
| 836|0x00000000b4400000, 0x00000000b4500000, 0x00000000b4500000|100%| O|  |TAMS 0x00000000b4400000, 0x00000000b4400000| Untracked 
| 837|0x00000000b4500000, 0x00000000b4600000, 0x00000000b4600000|100%| O|  |TAMS 0x00000000b4500000, 0x00000000b4500000| Untracked 
| 838|0x00000000b4600000, 0x00000000b4700000, 0x00000000b4700000|100%| O|  |TAMS 0x00000000b4600000, 0x00000000b4600000| Untracked 
| 839|0x00000000b4700000, 0x00000000b4800000, 0x00000000b4800000|100%| O|  |TAMS 0x00000000b4700000, 0x00000000b4700000| Untracked 
| 840|0x00000000b4800000, 0x00000000b4900000, 0x00000000b4900000|100%| O|  |TAMS 0x00000000b4800000, 0x00000000b4800000| Untracked 
| 841|0x00000000b4900000, 0x00000000b4a00000, 0x00000000b4a00000|100%| O|  |TAMS 0x00000000b4900000, 0x00000000b4900000| Untracked 
| 842|0x00000000b4a00000, 0x00000000b4b00000, 0x00000000b4b00000|100%| O|  |TAMS 0x00000000b4a00000, 0x00000000b4a00000| Untracked 
| 843|0x00000000b4b00000, 0x00000000b4c00000, 0x00000000b4c00000|100%| O|  |TAMS 0x00000000b4b00000, 0x00000000b4b00000| Untracked 
| 844|0x00000000b4c00000, 0x00000000b4d00000, 0x00000000b4d00000|100%| O|  |TAMS 0x00000000b4c00000, 0x00000000b4c00000| Untracked 
| 845|0x00000000b4d00000, 0x00000000b4e00000, 0x00000000b4e00000|100%| O|  |TAMS 0x00000000b4d00000, 0x00000000b4d00000| Untracked 
| 846|0x00000000b4e00000, 0x00000000b4f00000, 0x00000000b4f00000|100%| O|  |TAMS 0x00000000b4e00000, 0x00000000b4e00000| Untracked 
| 847|0x00000000b4f00000, 0x00000000b5000000, 0x00000000b5000000|100%| O|  |TAMS 0x00000000b4f00000, 0x00000000b4f00000| Untracked 
| 848|0x00000000b5000000, 0x00000000b5100000, 0x00000000b5100000|100%| O|  |TAMS 0x00000000b5000000, 0x00000000b5000000| Untracked 
| 849|0x00000000b5100000, 0x00000000b5200000, 0x00000000b5200000|100%| O|  |TAMS 0x00000000b5100000, 0x00000000b5100000| Untracked 
| 850|0x00000000b5200000, 0x00000000b5300000, 0x00000000b5300000|100%| O|  |TAMS 0x00000000b5200000, 0x00000000b5200000| Untracked 
| 851|0x00000000b5300000, 0x00000000b5400000, 0x00000000b5400000|100%| O|  |TAMS 0x00000000b5300000, 0x00000000b5300000| Untracked 
| 852|0x00000000b5400000, 0x00000000b5500000, 0x00000000b5500000|100%| O|  |TAMS 0x00000000b5400000, 0x00000000b5400000| Untracked 
| 853|0x00000000b5500000, 0x00000000b5600000, 0x00000000b5600000|100%| O|  |TAMS 0x00000000b5500000, 0x00000000b5500000| Untracked 
| 854|0x00000000b5600000, 0x00000000b5700000, 0x00000000b5700000|100%| O|  |TAMS 0x00000000b5600000, 0x00000000b5600000| Untracked 
| 855|0x00000000b5700000, 0x00000000b5800000, 0x00000000b5800000|100%| O|  |TAMS 0x00000000b5700000, 0x00000000b5700000| Untracked 
| 856|0x00000000b5800000, 0x00000000b5800000, 0x00000000b5900000|  0%| F|  |TAMS 0x00000000b5800000, 0x00000000b5800000| Untracked 
| 857|0x00000000b5900000, 0x00000000b5a00000, 0x00000000b5a00000|100%| O|  |TAMS 0x00000000b5900000, 0x00000000b5900000| Untracked 
| 858|0x00000000b5a00000, 0x00000000b5b00000, 0x00000000b5b00000|100%| O|  |TAMS 0x00000000b5a00000, 0x00000000b5a00000| Untracked 
| 859|0x00000000b5b00000, 0x00000000b5c00000, 0x00000000b5c00000|100%| O|  |TAMS 0x00000000b5b00000, 0x00000000b5b00000| Untracked 
| 860|0x00000000b5c00000, 0x00000000b5d00000, 0x00000000b5d00000|100%| O|  |TAMS 0x00000000b5c00000, 0x00000000b5c00000| Untracked 
| 861|0x00000000b5d00000, 0x00000000b5e00000, 0x00000000b5e00000|100%| O|  |TAMS 0x00000000b5d00000, 0x00000000b5d00000| Untracked 
| 862|0x00000000b5e00000, 0x00000000b5f00000, 0x00000000b5f00000|100%| O|  |TAMS 0x00000000b5e00000, 0x00000000b5e00000| Untracked 
| 863|0x00000000b5f00000, 0x00000000b5f00000, 0x00000000b6000000|  0%| F|  |TAMS 0x00000000b5f00000, 0x00000000b5f00000| Untracked 
| 864|0x00000000b6000000, 0x00000000b6000000, 0x00000000b6100000|  0%| F|  |TAMS 0x00000000b6000000, 0x00000000b6000000| Untracked 
| 865|0x00000000b6100000, 0x00000000b6100000, 0x00000000b6200000|  0%| F|  |TAMS 0x00000000b6100000, 0x00000000b6100000| Untracked 
| 866|0x00000000b6200000, 0x00000000b6200000, 0x00000000b6300000|  0%| F|  |TAMS 0x00000000b6200000, 0x00000000b6200000| Untracked 
| 867|0x00000000b6300000, 0x00000000b6300000, 0x00000000b6400000|  0%| F|  |TAMS 0x00000000b6300000, 0x00000000b6300000| Untracked 
| 868|0x00000000b6400000, 0x00000000b6500000, 0x00000000b6500000|100%| O|  |TAMS 0x00000000b6400000, 0x00000000b6400000| Untracked 
| 869|0x00000000b6500000, 0x00000000b6600000, 0x00000000b6600000|100%| O|  |TAMS 0x00000000b6500000, 0x00000000b6500000| Untracked 
| 870|0x00000000b6600000, 0x00000000b6700000, 0x00000000b6700000|100%| O|  |TAMS 0x00000000b6600000, 0x00000000b6600000| Untracked 
| 871|0x00000000b6700000, 0x00000000b6800000, 0x00000000b6800000|100%| O|  |TAMS 0x00000000b6700000, 0x00000000b6700000| Untracked 
| 872|0x00000000b6800000, 0x00000000b6900000, 0x00000000b6900000|100%| O|  |TAMS 0x00000000b6800000, 0x00000000b6800000| Untracked 
| 873|0x00000000b6900000, 0x00000000b69e3800, 0x00000000b6a00000| 88%| O|  |TAMS 0x00000000b6900000, 0x00000000b6900000| Untracked 
| 874|0x00000000b6a00000, 0x00000000b6a00000, 0x00000000b6b00000|  0%| F|  |TAMS 0x00000000b6a00000, 0x00000000b6a00000| Untracked 
| 875|0x00000000b6b00000, 0x00000000b6c00000, 0x00000000b6c00000|100%| S|CS|TAMS 0x00000000b6b00000, 0x00000000b6b00000| Complete 
| 876|0x00000000b6c00000, 0x00000000b6d00000, 0x00000000b6d00000|100%| S|CS|TAMS 0x00000000b6c00000, 0x00000000b6c00000| Complete 
| 877|0x00000000b6d00000, 0x00000000b6e00000, 0x00000000b6e00000|100%| S|CS|TAMS 0x00000000b6d00000, 0x00000000b6d00000| Complete 
| 878|0x00000000b6e00000, 0x00000000b6f00000, 0x00000000b6f00000|100%| S|CS|TAMS 0x00000000b6e00000, 0x00000000b6e00000| Complete 
| 879|0x00000000b6f00000, 0x00000000b7000000, 0x00000000b7000000|100%| S|CS|TAMS 0x00000000b6f00000, 0x00000000b6f00000| Complete 
| 880|0x00000000b7000000, 0x00000000b7100000, 0x00000000b7100000|100%| S|CS|TAMS 0x00000000b7000000, 0x00000000b7000000| Complete 
| 881|0x00000000b7100000, 0x00000000b7100000, 0x00000000b7200000|  0%| F|  |TAMS 0x00000000b7100000, 0x00000000b7100000| Untracked 
| 882|0x00000000b7200000, 0x00000000b7200000, 0x00000000b7300000|  0%| F|  |TAMS 0x00000000b7200000, 0x00000000b7200000| Untracked 
| 883|0x00000000b7300000, 0x00000000b7300000, 0x00000000b7400000|  0%| F|  |TAMS 0x00000000b7300000, 0x00000000b7300000| Untracked 
| 884|0x00000000b7400000, 0x00000000b7400000, 0x00000000b7500000|  0%| F|  |TAMS 0x00000000b7400000, 0x00000000b7400000| Untracked 
| 885|0x00000000b7500000, 0x00000000b7500000, 0x00000000b7600000|  0%| F|  |TAMS 0x00000000b7500000, 0x00000000b7500000| Untracked 
| 886|0x00000000b7600000, 0x00000000b7600000, 0x00000000b7700000|  0%| F|  |TAMS 0x00000000b7600000, 0x00000000b7600000| Untracked 
| 887|0x00000000b7700000, 0x00000000b7700000, 0x00000000b7800000|  0%| F|  |TAMS 0x00000000b7700000, 0x00000000b7700000| Untracked 
| 888|0x00000000b7800000, 0x00000000b7800000, 0x00000000b7900000|  0%| F|  |TAMS 0x00000000b7800000, 0x00000000b7800000| Untracked 
| 889|0x00000000b7900000, 0x00000000b7900000, 0x00000000b7a00000|  0%| F|  |TAMS 0x00000000b7900000, 0x00000000b7900000| Untracked 
| 890|0x00000000b7a00000, 0x00000000b7a00000, 0x00000000b7b00000|  0%| F|  |TAMS 0x00000000b7a00000, 0x00000000b7a00000| Untracked 
| 891|0x00000000b7b00000, 0x00000000b7b00000, 0x00000000b7c00000|  0%| F|  |TAMS 0x00000000b7b00000, 0x00000000b7b00000| Untracked 
| 892|0x00000000b7c00000, 0x00000000b7c00000, 0x00000000b7d00000|  0%| F|  |TAMS 0x00000000b7c00000, 0x00000000b7c00000| Untracked 
| 893|0x00000000b7d00000, 0x00000000b7d00000, 0x00000000b7e00000|  0%| F|  |TAMS 0x00000000b7d00000, 0x00000000b7d00000| Untracked 
| 894|0x00000000b7e00000, 0x00000000b7e00000, 0x00000000b7f00000|  0%| F|  |TAMS 0x00000000b7e00000, 0x00000000b7e00000| Untracked 
| 895|0x00000000b7f00000, 0x00000000b7f00000, 0x00000000b8000000|  0%| F|  |TAMS 0x00000000b7f00000, 0x00000000b7f00000| Untracked 
| 896|0x00000000b8000000, 0x00000000b8000000, 0x00000000b8100000|  0%| F|  |TAMS 0x00000000b8000000, 0x00000000b8000000| Untracked 
| 897|0x00000000b8100000, 0x00000000b8100000, 0x00000000b8200000|  0%| F|  |TAMS 0x00000000b8100000, 0x00000000b8100000| Untracked 
| 898|0x00000000b8200000, 0x00000000b8200000, 0x00000000b8300000|  0%| F|  |TAMS 0x00000000b8200000, 0x00000000b8200000| Untracked 
| 899|0x00000000b8300000, 0x00000000b8300000, 0x00000000b8400000|  0%| F|  |TAMS 0x00000000b8300000, 0x00000000b8300000| Untracked 
| 900|0x00000000b8400000, 0x00000000b8400000, 0x00000000b8500000|  0%| F|  |TAMS 0x00000000b8400000, 0x00000000b8400000| Untracked 
| 901|0x00000000b8500000, 0x00000000b8500000, 0x00000000b8600000|  0%| F|  |TAMS 0x00000000b8500000, 0x00000000b8500000| Untracked 
| 902|0x00000000b8600000, 0x00000000b8600000, 0x00000000b8700000|  0%| F|  |TAMS 0x00000000b8600000, 0x00000000b8600000| Untracked 
| 903|0x00000000b8700000, 0x00000000b8700000, 0x00000000b8800000|  0%| F|  |TAMS 0x00000000b8700000, 0x00000000b8700000| Untracked 
| 904|0x00000000b8800000, 0x00000000b8800000, 0x00000000b8900000|  0%| F|  |TAMS 0x00000000b8800000, 0x00000000b8800000| Untracked 
| 905|0x00000000b8900000, 0x00000000b8900000, 0x00000000b8a00000|  0%| F|  |TAMS 0x00000000b8900000, 0x00000000b8900000| Untracked 
| 906|0x00000000b8a00000, 0x00000000b8a00000, 0x00000000b8b00000|  0%| F|  |TAMS 0x00000000b8a00000, 0x00000000b8a00000| Untracked 
| 907|0x00000000b8b00000, 0x00000000b8b00000, 0x00000000b8c00000|  0%| F|  |TAMS 0x00000000b8b00000, 0x00000000b8b00000| Untracked 
| 908|0x00000000b8c00000, 0x00000000b8c00000, 0x00000000b8d00000|  0%| F|  |TAMS 0x00000000b8c00000, 0x00000000b8c00000| Untracked 
| 909|0x00000000b8d00000, 0x00000000b8d00000, 0x00000000b8e00000|  0%| F|  |TAMS 0x00000000b8d00000, 0x00000000b8d00000| Untracked 
| 910|0x00000000b8e00000, 0x00000000b8e00000, 0x00000000b8f00000|  0%| F|  |TAMS 0x00000000b8e00000, 0x00000000b8e00000| Untracked 
| 911|0x00000000b8f00000, 0x00000000b8f00000, 0x00000000b9000000|  0%| F|  |TAMS 0x00000000b8f00000, 0x00000000b8f00000| Untracked 
| 912|0x00000000b9000000, 0x00000000b9000000, 0x00000000b9100000|  0%| F|  |TAMS 0x00000000b9000000, 0x00000000b9000000| Untracked 
| 913|0x00000000b9100000, 0x00000000b9100000, 0x00000000b9200000|  0%| F|  |TAMS 0x00000000b9100000, 0x00000000b9100000| Untracked 
| 914|0x00000000b9200000, 0x00000000b9200000, 0x00000000b9300000|  0%| F|  |TAMS 0x00000000b9200000, 0x00000000b9200000| Untracked 
| 915|0x00000000b9300000, 0x00000000b9300000, 0x00000000b9400000|  0%| F|  |TAMS 0x00000000b9300000, 0x00000000b9300000| Untracked 
| 916|0x00000000b9400000, 0x00000000b9400000, 0x00000000b9500000|  0%| F|  |TAMS 0x00000000b9400000, 0x00000000b9400000| Untracked 
| 917|0x00000000b9500000, 0x00000000b9500000, 0x00000000b9600000|  0%| F|  |TAMS 0x00000000b9500000, 0x00000000b9500000| Untracked 
| 918|0x00000000b9600000, 0x00000000b9600000, 0x00000000b9700000|  0%| F|  |TAMS 0x00000000b9600000, 0x00000000b9600000| Untracked 
| 919|0x00000000b9700000, 0x00000000b9700000, 0x00000000b9800000|  0%| F|  |TAMS 0x00000000b9700000, 0x00000000b9700000| Untracked 
| 920|0x00000000b9800000, 0x00000000b9800000, 0x00000000b9900000|  0%| F|  |TAMS 0x00000000b9800000, 0x00000000b9800000| Untracked 
| 921|0x00000000b9900000, 0x00000000b9900000, 0x00000000b9a00000|  0%| F|  |TAMS 0x00000000b9900000, 0x00000000b9900000| Untracked 
| 922|0x00000000b9a00000, 0x00000000b9a00000, 0x00000000b9b00000|  0%| F|  |TAMS 0x00000000b9a00000, 0x00000000b9a00000| Untracked 
| 923|0x00000000b9b00000, 0x00000000b9b00000, 0x00000000b9c00000|  0%| F|  |TAMS 0x00000000b9b00000, 0x00000000b9b00000| Untracked 
| 924|0x00000000b9c00000, 0x00000000b9c00000, 0x00000000b9d00000|  0%| F|  |TAMS 0x00000000b9c00000, 0x00000000b9c00000| Untracked 
| 925|0x00000000b9d00000, 0x00000000b9d00000, 0x00000000b9e00000|  0%| F|  |TAMS 0x00000000b9d00000, 0x00000000b9d00000| Untracked 
| 926|0x00000000b9e00000, 0x00000000b9e00000, 0x00000000b9f00000|  0%| F|  |TAMS 0x00000000b9e00000, 0x00000000b9e00000| Untracked 
| 927|0x00000000b9f00000, 0x00000000b9f00000, 0x00000000ba000000|  0%| F|  |TAMS 0x00000000b9f00000, 0x00000000b9f00000| Untracked 
| 928|0x00000000ba000000, 0x00000000ba000000, 0x00000000ba100000|  0%| F|  |TAMS 0x00000000ba000000, 0x00000000ba000000| Untracked 
| 929|0x00000000ba100000, 0x00000000ba100000, 0x00000000ba200000|  0%| F|  |TAMS 0x00000000ba100000, 0x00000000ba100000| Untracked 
| 930|0x00000000ba200000, 0x00000000ba200000, 0x00000000ba300000|  0%| F|  |TAMS 0x00000000ba200000, 0x00000000ba200000| Untracked 
| 931|0x00000000ba300000, 0x00000000ba300000, 0x00000000ba400000|  0%| F|  |TAMS 0x00000000ba300000, 0x00000000ba300000| Untracked 
| 932|0x00000000ba400000, 0x00000000ba400000, 0x00000000ba500000|  0%| F|  |TAMS 0x00000000ba400000, 0x00000000ba400000| Untracked 
| 933|0x00000000ba500000, 0x00000000ba500000, 0x00000000ba600000|  0%| F|  |TAMS 0x00000000ba500000, 0x00000000ba500000| Untracked 
| 934|0x00000000ba600000, 0x00000000ba600000, 0x00000000ba700000|  0%| F|  |TAMS 0x00000000ba600000, 0x00000000ba600000| Untracked 
| 935|0x00000000ba700000, 0x00000000ba700000, 0x00000000ba800000|  0%| F|  |TAMS 0x00000000ba700000, 0x00000000ba700000| Untracked 
| 936|0x00000000ba800000, 0x00000000ba800000, 0x00000000ba900000|  0%| F|  |TAMS 0x00000000ba800000, 0x00000000ba800000| Untracked 
| 937|0x00000000ba900000, 0x00000000ba900000, 0x00000000baa00000|  0%| F|  |TAMS 0x00000000ba900000, 0x00000000ba900000| Untracked 
| 938|0x00000000baa00000, 0x00000000baa00000, 0x00000000bab00000|  0%| F|  |TAMS 0x00000000baa00000, 0x00000000baa00000| Untracked 
| 939|0x00000000bab00000, 0x00000000bab00000, 0x00000000bac00000|  0%| F|  |TAMS 0x00000000bab00000, 0x00000000bab00000| Untracked 
| 940|0x00000000bac00000, 0x00000000bac00000, 0x00000000bad00000|  0%| F|  |TAMS 0x00000000bac00000, 0x00000000bac00000| Untracked 
| 941|0x00000000bad00000, 0x00000000bad00000, 0x00000000bae00000|  0%| F|  |TAMS 0x00000000bad00000, 0x00000000bad00000| Untracked 
| 942|0x00000000bae00000, 0x00000000bae00000, 0x00000000baf00000|  0%| F|  |TAMS 0x00000000bae00000, 0x00000000bae00000| Untracked 
| 943|0x00000000baf00000, 0x00000000baf00000, 0x00000000bb000000|  0%| F|  |TAMS 0x00000000baf00000, 0x00000000baf00000| Untracked 
| 944|0x00000000bb000000, 0x00000000bb000000, 0x00000000bb100000|  0%| F|  |TAMS 0x00000000bb000000, 0x00000000bb000000| Untracked 
| 945|0x00000000bb100000, 0x00000000bb100000, 0x00000000bb200000|  0%| F|  |TAMS 0x00000000bb100000, 0x00000000bb100000| Untracked 
| 946|0x00000000bb200000, 0x00000000bb200000, 0x00000000bb300000|  0%| F|  |TAMS 0x00000000bb200000, 0x00000000bb200000| Untracked 
| 947|0x00000000bb300000, 0x00000000bb300000, 0x00000000bb400000|  0%| F|  |TAMS 0x00000000bb300000, 0x00000000bb300000| Untracked 
| 948|0x00000000bb400000, 0x00000000bb400000, 0x00000000bb500000|  0%| F|  |TAMS 0x00000000bb400000, 0x00000000bb400000| Untracked 
| 949|0x00000000bb500000, 0x00000000bb500000, 0x00000000bb600000|  0%| F|  |TAMS 0x00000000bb500000, 0x00000000bb500000| Untracked 
| 950|0x00000000bb600000, 0x00000000bb600000, 0x00000000bb700000|  0%| F|  |TAMS 0x00000000bb600000, 0x00000000bb600000| Untracked 
| 951|0x00000000bb700000, 0x00000000bb700000, 0x00000000bb800000|  0%| F|  |TAMS 0x00000000bb700000, 0x00000000bb700000| Untracked 
| 952|0x00000000bb800000, 0x00000000bb800000, 0x00000000bb900000|  0%| F|  |TAMS 0x00000000bb800000, 0x00000000bb800000| Untracked 
| 953|0x00000000bb900000, 0x00000000bb900000, 0x00000000bba00000|  0%| F|  |TAMS 0x00000000bb900000, 0x00000000bb900000| Untracked 
| 954|0x00000000bba00000, 0x00000000bba00000, 0x00000000bbb00000|  0%| F|  |TAMS 0x00000000bba00000, 0x00000000bba00000| Untracked 
| 955|0x00000000bbb00000, 0x00000000bbb00000, 0x00000000bbc00000|  0%| F|  |TAMS 0x00000000bbb00000, 0x00000000bbb00000| Untracked 
| 956|0x00000000bbc00000, 0x00000000bbc00000, 0x00000000bbd00000|  0%| F|  |TAMS 0x00000000bbc00000, 0x00000000bbc00000| Untracked 
| 957|0x00000000bbd00000, 0x00000000bbd00000, 0x00000000bbe00000|  0%| F|  |TAMS 0x00000000bbd00000, 0x00000000bbd00000| Untracked 
| 958|0x00000000bbe00000, 0x00000000bbe00000, 0x00000000bbf00000|  0%| F|  |TAMS 0x00000000bbe00000, 0x00000000bbe00000| Untracked 
| 959|0x00000000bbf00000, 0x00000000bbf00000, 0x00000000bc000000|  0%| F|  |TAMS 0x00000000bbf00000, 0x00000000bbf00000| Untracked 
| 960|0x00000000bc000000, 0x00000000bc000000, 0x00000000bc100000|  0%| F|  |TAMS 0x00000000bc000000, 0x00000000bc000000| Untracked 
| 961|0x00000000bc100000, 0x00000000bc100000, 0x00000000bc200000|  0%| F|  |TAMS 0x00000000bc100000, 0x00000000bc100000| Untracked 
| 962|0x00000000bc200000, 0x00000000bc200000, 0x00000000bc300000|  0%| F|  |TAMS 0x00000000bc200000, 0x00000000bc200000| Untracked 
| 963|0x00000000bc300000, 0x00000000bc300000, 0x00000000bc400000|  0%| F|  |TAMS 0x00000000bc300000, 0x00000000bc300000| Untracked 
| 964|0x00000000bc400000, 0x00000000bc400000, 0x00000000bc500000|  0%| F|  |TAMS 0x00000000bc400000, 0x00000000bc400000| Untracked 
| 965|0x00000000bc500000, 0x00000000bc500000, 0x00000000bc600000|  0%| F|  |TAMS 0x00000000bc500000, 0x00000000bc500000| Untracked 
| 966|0x00000000bc600000, 0x00000000bc600000, 0x00000000bc700000|  0%| F|  |TAMS 0x00000000bc600000, 0x00000000bc600000| Untracked 
| 967|0x00000000bc700000, 0x00000000bc700000, 0x00000000bc800000|  0%| F|  |TAMS 0x00000000bc700000, 0x00000000bc700000| Untracked 
| 968|0x00000000bc800000, 0x00000000bc800000, 0x00000000bc900000|  0%| F|  |TAMS 0x00000000bc800000, 0x00000000bc800000| Untracked 
| 969|0x00000000bc900000, 0x00000000bc900000, 0x00000000bca00000|  0%| F|  |TAMS 0x00000000bc900000, 0x00000000bc900000| Untracked 
| 970|0x00000000bca00000, 0x00000000bca00000, 0x00000000bcb00000|  0%| F|  |TAMS 0x00000000bca00000, 0x00000000bca00000| Untracked 
| 971|0x00000000bcb00000, 0x00000000bcb00000, 0x00000000bcc00000|  0%| F|  |TAMS 0x00000000bcb00000, 0x00000000bcb00000| Untracked 
| 972|0x00000000bcc00000, 0x00000000bcc00000, 0x00000000bcd00000|  0%| F|  |TAMS 0x00000000bcc00000, 0x00000000bcc00000| Untracked 
| 973|0x00000000bcd00000, 0x00000000bcd00000, 0x00000000bce00000|  0%| F|  |TAMS 0x00000000bcd00000, 0x00000000bcd00000| Untracked 
| 974|0x00000000bce00000, 0x00000000bce00000, 0x00000000bcf00000|  0%| F|  |TAMS 0x00000000bce00000, 0x00000000bce00000| Untracked 
| 975|0x00000000bcf00000, 0x00000000bcf00000, 0x00000000bd000000|  0%| F|  |TAMS 0x00000000bcf00000, 0x00000000bcf00000| Untracked 
| 976|0x00000000bd000000, 0x00000000bd000000, 0x00000000bd100000|  0%| F|  |TAMS 0x00000000bd000000, 0x00000000bd000000| Untracked 
| 977|0x00000000bd100000, 0x00000000bd100000, 0x00000000bd200000|  0%| F|  |TAMS 0x00000000bd100000, 0x00000000bd100000| Untracked 
| 978|0x00000000bd200000, 0x00000000bd200000, 0x00000000bd300000|  0%| F|  |TAMS 0x00000000bd200000, 0x00000000bd200000| Untracked 
| 979|0x00000000bd300000, 0x00000000bd300000, 0x00000000bd400000|  0%| F|  |TAMS 0x00000000bd300000, 0x00000000bd300000| Untracked 
| 980|0x00000000bd400000, 0x00000000bd400000, 0x00000000bd500000|  0%| F|  |TAMS 0x00000000bd400000, 0x00000000bd400000| Untracked 
| 981|0x00000000bd500000, 0x00000000bd500000, 0x00000000bd600000|  0%| F|  |TAMS 0x00000000bd500000, 0x00000000bd500000| Untracked 
| 982|0x00000000bd600000, 0x00000000bd600000, 0x00000000bd700000|  0%| F|  |TAMS 0x00000000bd600000, 0x00000000bd600000| Untracked 
| 983|0x00000000bd700000, 0x00000000bd700000, 0x00000000bd800000|  0%| F|  |TAMS 0x00000000bd700000, 0x00000000bd700000| Untracked 
| 984|0x00000000bd800000, 0x00000000bd800000, 0x00000000bd900000|  0%| F|  |TAMS 0x00000000bd800000, 0x00000000bd800000| Untracked 
| 985|0x00000000bd900000, 0x00000000bd900000, 0x00000000bda00000|  0%| F|  |TAMS 0x00000000bd900000, 0x00000000bd900000| Untracked 
| 986|0x00000000bda00000, 0x00000000bda00000, 0x00000000bdb00000|  0%| F|  |TAMS 0x00000000bda00000, 0x00000000bda00000| Untracked 
| 987|0x00000000bdb00000, 0x00000000bdb00000, 0x00000000bdc00000|  0%| F|  |TAMS 0x00000000bdb00000, 0x00000000bdb00000| Untracked 
| 988|0x00000000bdc00000, 0x00000000bdc00000, 0x00000000bdd00000|  0%| F|  |TAMS 0x00000000bdc00000, 0x00000000bdc00000| Untracked 
| 989|0x00000000bdd00000, 0x00000000bdd00000, 0x00000000bde00000|  0%| F|  |TAMS 0x00000000bdd00000, 0x00000000bdd00000| Untracked 
| 990|0x00000000bde00000, 0x00000000bde00000, 0x00000000bdf00000|  0%| F|  |TAMS 0x00000000bde00000, 0x00000000bde00000| Untracked 
| 991|0x00000000bdf00000, 0x00000000bdf00000, 0x00000000be000000|  0%| F|  |TAMS 0x00000000bdf00000, 0x00000000bdf00000| Untracked 
| 992|0x00000000be000000, 0x00000000be000000, 0x00000000be100000|  0%| F|  |TAMS 0x00000000be000000, 0x00000000be000000| Untracked 
| 993|0x00000000be100000, 0x00000000be100000, 0x00000000be200000|  0%| F|  |TAMS 0x00000000be100000, 0x00000000be100000| Untracked 
| 994|0x00000000be200000, 0x00000000be200000, 0x00000000be300000|  0%| F|  |TAMS 0x00000000be200000, 0x00000000be200000| Untracked 
| 995|0x00000000be300000, 0x00000000be300000, 0x00000000be400000|  0%| F|  |TAMS 0x00000000be300000, 0x00000000be300000| Untracked 
| 996|0x00000000be400000, 0x00000000be400000, 0x00000000be500000|  0%| F|  |TAMS 0x00000000be400000, 0x00000000be400000| Untracked 
| 997|0x00000000be500000, 0x00000000be500000, 0x00000000be600000|  0%| F|  |TAMS 0x00000000be500000, 0x00000000be500000| Untracked 
| 998|0x00000000be600000, 0x00000000be600000, 0x00000000be700000|  0%| F|  |TAMS 0x00000000be600000, 0x00000000be600000| Untracked 
| 999|0x00000000be700000, 0x00000000be700000, 0x00000000be800000|  0%| F|  |TAMS 0x00000000be700000, 0x00000000be700000| Untracked 
|1000|0x00000000be800000, 0x00000000be800000, 0x00000000be900000|  0%| F|  |TAMS 0x00000000be800000, 0x00000000be800000| Untracked 
|1001|0x00000000be900000, 0x00000000be900000, 0x00000000bea00000|  0%| F|  |TAMS 0x00000000be900000, 0x00000000be900000| Untracked 
|1002|0x00000000bea00000, 0x00000000bea00000, 0x00000000beb00000|  0%| F|  |TAMS 0x00000000bea00000, 0x00000000bea00000| Untracked 
|1003|0x00000000beb00000, 0x00000000beb00000, 0x00000000bec00000|  0%| F|  |TAMS 0x00000000beb00000, 0x00000000beb00000| Untracked 
|1004|0x00000000bec00000, 0x00000000bec00000, 0x00000000bed00000|  0%| F|  |TAMS 0x00000000bec00000, 0x00000000bec00000| Untracked 
|1005|0x00000000bed00000, 0x00000000bed00000, 0x00000000bee00000|  0%| F|  |TAMS 0x00000000bed00000, 0x00000000bed00000| Untracked 
|1006|0x00000000bee00000, 0x00000000bee00000, 0x00000000bef00000|  0%| F|  |TAMS 0x00000000bee00000, 0x00000000bee00000| Untracked 
|1007|0x00000000bef00000, 0x00000000bef00000, 0x00000000bf000000|  0%| F|  |TAMS 0x00000000bef00000, 0x00000000bef00000| Untracked 
|1008|0x00000000bf000000, 0x00000000bf000000, 0x00000000bf100000|  0%| F|  |TAMS 0x00000000bf000000, 0x00000000bf000000| Untracked 
|1009|0x00000000bf100000, 0x00000000bf100000, 0x00000000bf200000|  0%| F|  |TAMS 0x00000000bf100000, 0x00000000bf100000| Untracked 
|1010|0x00000000bf200000, 0x00000000bf200000, 0x00000000bf300000|  0%| F|  |TAMS 0x00000000bf200000, 0x00000000bf200000| Untracked 
|1011|0x00000000bf300000, 0x00000000bf300000, 0x00000000bf400000|  0%| F|  |TAMS 0x00000000bf300000, 0x00000000bf300000| Untracked 
|1012|0x00000000bf400000, 0x00000000bf400000, 0x00000000bf500000|  0%| F|  |TAMS 0x00000000bf400000, 0x00000000bf400000| Untracked 
|1013|0x00000000bf500000, 0x00000000bf500000, 0x00000000bf600000|  0%| F|  |TAMS 0x00000000bf500000, 0x00000000bf500000| Untracked 
|1014|0x00000000bf600000, 0x00000000bf600000, 0x00000000bf700000|  0%| F|  |TAMS 0x00000000bf600000, 0x00000000bf600000| Untracked 
|1015|0x00000000bf700000, 0x00000000bf700000, 0x00000000bf800000|  0%| F|  |TAMS 0x00000000bf700000, 0x00000000bf700000| Untracked 
|1016|0x00000000bf800000, 0x00000000bf800000, 0x00000000bf900000|  0%| F|  |TAMS 0x00000000bf800000, 0x00000000bf800000| Untracked 
|1017|0x00000000bf900000, 0x00000000bf900000, 0x00000000bfa00000|  0%| F|  |TAMS 0x00000000bf900000, 0x00000000bf900000| Untracked 
|1018|0x00000000bfa00000, 0x00000000bfa00000, 0x00000000bfb00000|  0%| F|  |TAMS 0x00000000bfa00000, 0x00000000bfa00000| Untracked 
|1019|0x00000000bfb00000, 0x00000000bfb00000, 0x00000000bfc00000|  0%| F|  |TAMS 0x00000000bfb00000, 0x00000000bfb00000| Untracked 
|1020|0x00000000bfc00000, 0x00000000bfc00000, 0x00000000bfd00000|  0%| F|  |TAMS 0x00000000bfc00000, 0x00000000bfc00000| Untracked 
|1021|0x00000000bfd00000, 0x00000000bfd00000, 0x00000000bfe00000|  0%| F|  |TAMS 0x00000000bfd00000, 0x00000000bfd00000| Untracked 
|1022|0x00000000bfe00000, 0x00000000bfe00000, 0x00000000bff00000|  0%| F|  |TAMS 0x00000000bfe00000, 0x00000000bfe00000| Untracked 
|1023|0x00000000bff00000, 0x00000000bff00000, 0x00000000c0000000|  0%| F|  |TAMS 0x00000000bff00000, 0x00000000bff00000| Untracked 
|1024|0x00000000c0000000, 0x00000000c0000000, 0x00000000c0100000|  0%| F|  |TAMS 0x00000000c0000000, 0x00000000c0000000| Untracked 
|1025|0x00000000c0100000, 0x00000000c0100000, 0x00000000c0200000|  0%| F|  |TAMS 0x00000000c0100000, 0x00000000c0100000| Untracked 
|1026|0x00000000c0200000, 0x00000000c0200000, 0x00000000c0300000|  0%| F|  |TAMS 0x00000000c0200000, 0x00000000c0200000| Untracked 
|1027|0x00000000c0300000, 0x00000000c0300000, 0x00000000c0400000|  0%| F|  |TAMS 0x00000000c0300000, 0x00000000c0300000| Untracked 
|1028|0x00000000c0400000, 0x00000000c0400000, 0x00000000c0500000|  0%| F|  |TAMS 0x00000000c0400000, 0x00000000c0400000| Untracked 
|1029|0x00000000c0500000, 0x00000000c0500000, 0x00000000c0600000|  0%| F|  |TAMS 0x00000000c0500000, 0x00000000c0500000| Untracked 
|1030|0x00000000c0600000, 0x00000000c0600000, 0x00000000c0700000|  0%| F|  |TAMS 0x00000000c0600000, 0x00000000c0600000| Untracked 
|1031|0x00000000c0700000, 0x00000000c0700000, 0x00000000c0800000|  0%| F|  |TAMS 0x00000000c0700000, 0x00000000c0700000| Untracked 
|1032|0x00000000c0800000, 0x00000000c0800000, 0x00000000c0900000|  0%| F|  |TAMS 0x00000000c0800000, 0x00000000c0800000| Untracked 
|1033|0x00000000c0900000, 0x00000000c0900000, 0x00000000c0a00000|  0%| F|  |TAMS 0x00000000c0900000, 0x00000000c0900000| Untracked 
|1034|0x00000000c0a00000, 0x00000000c0a00000, 0x00000000c0b00000|  0%| F|  |TAMS 0x00000000c0a00000, 0x00000000c0a00000| Untracked 
|1035|0x00000000c0b00000, 0x00000000c0b00000, 0x00000000c0c00000|  0%| F|  |TAMS 0x00000000c0b00000, 0x00000000c0b00000| Untracked 
|1036|0x00000000c0c00000, 0x00000000c0c00000, 0x00000000c0d00000|  0%| F|  |TAMS 0x00000000c0c00000, 0x00000000c0c00000| Untracked 
|1037|0x00000000c0d00000, 0x00000000c0d00000, 0x00000000c0e00000|  0%| F|  |TAMS 0x00000000c0d00000, 0x00000000c0d00000| Untracked 
|1038|0x00000000c0e00000, 0x00000000c0e00000, 0x00000000c0f00000|  0%| F|  |TAMS 0x00000000c0e00000, 0x00000000c0e00000| Untracked 
|1039|0x00000000c0f00000, 0x00000000c0f00000, 0x00000000c1000000|  0%| F|  |TAMS 0x00000000c0f00000, 0x00000000c0f00000| Untracked 
|1040|0x00000000c1000000, 0x00000000c1000000, 0x00000000c1100000|  0%| F|  |TAMS 0x00000000c1000000, 0x00000000c1000000| Untracked 
|1041|0x00000000c1100000, 0x00000000c1100000, 0x00000000c1200000|  0%| F|  |TAMS 0x00000000c1100000, 0x00000000c1100000| Untracked 
|1042|0x00000000c1200000, 0x00000000c1200000, 0x00000000c1300000|  0%| F|  |TAMS 0x00000000c1200000, 0x00000000c1200000| Untracked 
|1043|0x00000000c1300000, 0x00000000c1300000, 0x00000000c1400000|  0%| F|  |TAMS 0x00000000c1300000, 0x00000000c1300000| Untracked 
|1044|0x00000000c1400000, 0x00000000c1400000, 0x00000000c1500000|  0%| F|  |TAMS 0x00000000c1400000, 0x00000000c1400000| Untracked 
|1045|0x00000000c1500000, 0x00000000c1500000, 0x00000000c1600000|  0%| F|  |TAMS 0x00000000c1500000, 0x00000000c1500000| Untracked 
|1046|0x00000000c1600000, 0x00000000c1600000, 0x00000000c1700000|  0%| F|  |TAMS 0x00000000c1600000, 0x00000000c1600000| Untracked 
|1047|0x00000000c1700000, 0x00000000c1700000, 0x00000000c1800000|  0%| F|  |TAMS 0x00000000c1700000, 0x00000000c1700000| Untracked 
|1048|0x00000000c1800000, 0x00000000c1800000, 0x00000000c1900000|  0%| F|  |TAMS 0x00000000c1800000, 0x00000000c1800000| Untracked 
|1049|0x00000000c1900000, 0x00000000c1900000, 0x00000000c1a00000|  0%| F|  |TAMS 0x00000000c1900000, 0x00000000c1900000| Untracked 
|1050|0x00000000c1a00000, 0x00000000c1a00000, 0x00000000c1b00000|  0%| F|  |TAMS 0x00000000c1a00000, 0x00000000c1a00000| Untracked 
|1051|0x00000000c1b00000, 0x00000000c1b00000, 0x00000000c1c00000|  0%| F|  |TAMS 0x00000000c1b00000, 0x00000000c1b00000| Untracked 
|1052|0x00000000c1c00000, 0x00000000c1c00000, 0x00000000c1d00000|  0%| F|  |TAMS 0x00000000c1c00000, 0x00000000c1c00000| Untracked 
|1053|0x00000000c1d00000, 0x00000000c1d00000, 0x00000000c1e00000|  0%| F|  |TAMS 0x00000000c1d00000, 0x00000000c1d00000| Untracked 
|1054|0x00000000c1e00000, 0x00000000c1e00000, 0x00000000c1f00000|  0%| F|  |TAMS 0x00000000c1e00000, 0x00000000c1e00000| Untracked 
|1055|0x00000000c1f00000, 0x00000000c1f00000, 0x00000000c2000000|  0%| F|  |TAMS 0x00000000c1f00000, 0x00000000c1f00000| Untracked 
|1056|0x00000000c2000000, 0x00000000c2000000, 0x00000000c2100000|  0%| F|  |TAMS 0x00000000c2000000, 0x00000000c2000000| Untracked 
|1057|0x00000000c2100000, 0x00000000c2100000, 0x00000000c2200000|  0%| F|  |TAMS 0x00000000c2100000, 0x00000000c2100000| Untracked 
|1058|0x00000000c2200000, 0x00000000c2200000, 0x00000000c2300000|  0%| F|  |TAMS 0x00000000c2200000, 0x00000000c2200000| Untracked 
|1059|0x00000000c2300000, 0x00000000c2300000, 0x00000000c2400000|  0%| F|  |TAMS 0x00000000c2300000, 0x00000000c2300000| Untracked 
|1060|0x00000000c2400000, 0x00000000c2400000, 0x00000000c2500000|  0%| F|  |TAMS 0x00000000c2400000, 0x00000000c2400000| Untracked 
|1061|0x00000000c2500000, 0x00000000c2500000, 0x00000000c2600000|  0%| F|  |TAMS 0x00000000c2500000, 0x00000000c2500000| Untracked 
|1062|0x00000000c2600000, 0x00000000c2600000, 0x00000000c2700000|  0%| F|  |TAMS 0x00000000c2600000, 0x00000000c2600000| Untracked 
|1063|0x00000000c2700000, 0x00000000c2700000, 0x00000000c2800000|  0%| F|  |TAMS 0x00000000c2700000, 0x00000000c2700000| Untracked 
|1064|0x00000000c2800000, 0x00000000c2800000, 0x00000000c2900000|  0%| F|  |TAMS 0x00000000c2800000, 0x00000000c2800000| Untracked 
|1065|0x00000000c2900000, 0x00000000c2900000, 0x00000000c2a00000|  0%| F|  |TAMS 0x00000000c2900000, 0x00000000c2900000| Untracked 
|1066|0x00000000c2a00000, 0x00000000c2a00000, 0x00000000c2b00000|  0%| F|  |TAMS 0x00000000c2a00000, 0x00000000c2a00000| Untracked 
|1067|0x00000000c2b00000, 0x00000000c2b00000, 0x00000000c2c00000|  0%| F|  |TAMS 0x00000000c2b00000, 0x00000000c2b00000| Untracked 
|1068|0x00000000c2c00000, 0x00000000c2c00000, 0x00000000c2d00000|  0%| F|  |TAMS 0x00000000c2c00000, 0x00000000c2c00000| Untracked 
|1069|0x00000000c2d00000, 0x00000000c2d00000, 0x00000000c2e00000|  0%| F|  |TAMS 0x00000000c2d00000, 0x00000000c2d00000| Untracked 
|1070|0x00000000c2e00000, 0x00000000c2e00000, 0x00000000c2f00000|  0%| F|  |TAMS 0x00000000c2e00000, 0x00000000c2e00000| Untracked 
|1071|0x00000000c2f00000, 0x00000000c2f00000, 0x00000000c3000000|  0%| F|  |TAMS 0x00000000c2f00000, 0x00000000c2f00000| Untracked 
|1072|0x00000000c3000000, 0x00000000c3000000, 0x00000000c3100000|  0%| F|  |TAMS 0x00000000c3000000, 0x00000000c3000000| Untracked 
|1073|0x00000000c3100000, 0x00000000c3100000, 0x00000000c3200000|  0%| F|  |TAMS 0x00000000c3100000, 0x00000000c3100000| Untracked 
|1074|0x00000000c3200000, 0x00000000c3200000, 0x00000000c3300000|  0%| F|  |TAMS 0x00000000c3200000, 0x00000000c3200000| Untracked 
|1075|0x00000000c3300000, 0x00000000c3300000, 0x00000000c3400000|  0%| F|  |TAMS 0x00000000c3300000, 0x00000000c3300000| Untracked 
|1076|0x00000000c3400000, 0x00000000c3400000, 0x00000000c3500000|  0%| F|  |TAMS 0x00000000c3400000, 0x00000000c3400000| Untracked 
|1077|0x00000000c3500000, 0x00000000c3500000, 0x00000000c3600000|  0%| F|  |TAMS 0x00000000c3500000, 0x00000000c3500000| Untracked 
|1078|0x00000000c3600000, 0x00000000c3600000, 0x00000000c3700000|  0%| F|  |TAMS 0x00000000c3600000, 0x00000000c3600000| Untracked 
|1079|0x00000000c3700000, 0x00000000c3700000, 0x00000000c3800000|  0%| F|  |TAMS 0x00000000c3700000, 0x00000000c3700000| Untracked 
|1080|0x00000000c3800000, 0x00000000c3800000, 0x00000000c3900000|  0%| F|  |TAMS 0x00000000c3800000, 0x00000000c3800000| Untracked 
|1081|0x00000000c3900000, 0x00000000c3900000, 0x00000000c3a00000|  0%| F|  |TAMS 0x00000000c3900000, 0x00000000c3900000| Untracked 
|1082|0x00000000c3a00000, 0x00000000c3a00000, 0x00000000c3b00000|  0%| F|  |TAMS 0x00000000c3a00000, 0x00000000c3a00000| Untracked 
|1083|0x00000000c3b00000, 0x00000000c3b00000, 0x00000000c3c00000|  0%| F|  |TAMS 0x00000000c3b00000, 0x00000000c3b00000| Untracked 
|1084|0x00000000c3c00000, 0x00000000c3c00000, 0x00000000c3d00000|  0%| F|  |TAMS 0x00000000c3c00000, 0x00000000c3c00000| Untracked 
|1085|0x00000000c3d00000, 0x00000000c3d00000, 0x00000000c3e00000|  0%| F|  |TAMS 0x00000000c3d00000, 0x00000000c3d00000| Untracked 
|1086|0x00000000c3e00000, 0x00000000c3e00000, 0x00000000c3f00000|  0%| F|  |TAMS 0x00000000c3e00000, 0x00000000c3e00000| Untracked 
|1087|0x00000000c3f00000, 0x00000000c3f00000, 0x00000000c4000000|  0%| F|  |TAMS 0x00000000c3f00000, 0x00000000c3f00000| Untracked 
|1088|0x00000000c4000000, 0x00000000c4000000, 0x00000000c4100000|  0%| F|  |TAMS 0x00000000c4000000, 0x00000000c4000000| Untracked 
|1089|0x00000000c4100000, 0x00000000c4100000, 0x00000000c4200000|  0%| F|  |TAMS 0x00000000c4100000, 0x00000000c4100000| Untracked 
|1090|0x00000000c4200000, 0x00000000c4200000, 0x00000000c4300000|  0%| F|  |TAMS 0x00000000c4200000, 0x00000000c4200000| Untracked 
|1091|0x00000000c4300000, 0x00000000c4300000, 0x00000000c4400000|  0%| F|  |TAMS 0x00000000c4300000, 0x00000000c4300000| Untracked 
|1092|0x00000000c4400000, 0x00000000c4400000, 0x00000000c4500000|  0%| F|  |TAMS 0x00000000c4400000, 0x00000000c4400000| Untracked 
|1093|0x00000000c4500000, 0x00000000c4500000, 0x00000000c4600000|  0%| F|  |TAMS 0x00000000c4500000, 0x00000000c4500000| Untracked 
|1094|0x00000000c4600000, 0x00000000c4600000, 0x00000000c4700000|  0%| F|  |TAMS 0x00000000c4600000, 0x00000000c4600000| Untracked 
|1095|0x00000000c4700000, 0x00000000c4700000, 0x00000000c4800000|  0%| F|  |TAMS 0x00000000c4700000, 0x00000000c4700000| Untracked 
|1096|0x00000000c4800000, 0x00000000c4800000, 0x00000000c4900000|  0%| F|  |TAMS 0x00000000c4800000, 0x00000000c4800000| Untracked 
|1097|0x00000000c4900000, 0x00000000c4900000, 0x00000000c4a00000|  0%| F|  |TAMS 0x00000000c4900000, 0x00000000c4900000| Untracked 
|1098|0x00000000c4a00000, 0x00000000c4a00000, 0x00000000c4b00000|  0%| F|  |TAMS 0x00000000c4a00000, 0x00000000c4a00000| Untracked 
|1099|0x00000000c4b00000, 0x00000000c4b00000, 0x00000000c4c00000|  0%| F|  |TAMS 0x00000000c4b00000, 0x00000000c4b00000| Untracked 
|1100|0x00000000c4c00000, 0x00000000c4c00000, 0x00000000c4d00000|  0%| F|  |TAMS 0x00000000c4c00000, 0x00000000c4c00000| Untracked 
|1101|0x00000000c4d00000, 0x00000000c4d00000, 0x00000000c4e00000|  0%| F|  |TAMS 0x00000000c4d00000, 0x00000000c4d00000| Untracked 
|1102|0x00000000c4e00000, 0x00000000c4e00000, 0x00000000c4f00000|  0%| F|  |TAMS 0x00000000c4e00000, 0x00000000c4e00000| Untracked 
|1103|0x00000000c4f00000, 0x00000000c4f00000, 0x00000000c5000000|  0%| F|  |TAMS 0x00000000c4f00000, 0x00000000c4f00000| Untracked 
|1104|0x00000000c5000000, 0x00000000c500c850, 0x00000000c5100000|  4%| E|  |TAMS 0x00000000c5000000, 0x00000000c5000000| Complete 
|1105|0x00000000c5100000, 0x00000000c5200000, 0x00000000c5200000|100%| E|CS|TAMS 0x00000000c5100000, 0x00000000c5100000| Complete 
|1106|0x00000000c5200000, 0x00000000c5300000, 0x00000000c5300000|100%| E|CS|TAMS 0x00000000c5200000, 0x00000000c5200000| Complete 
|1107|0x00000000c5300000, 0x00000000c5400000, 0x00000000c5400000|100%| E|CS|TAMS 0x00000000c5300000, 0x00000000c5300000| Complete 
|1108|0x00000000c5400000, 0x00000000c5500000, 0x00000000c5500000|100%| E|CS|TAMS 0x00000000c5400000, 0x00000000c5400000| Complete 
|1109|0x00000000c5500000, 0x00000000c5600000, 0x00000000c5600000|100%| E|CS|TAMS 0x00000000c5500000, 0x00000000c5500000| Complete 
|1110|0x00000000c5600000, 0x00000000c5700000, 0x00000000c5700000|100%| E|CS|TAMS 0x00000000c5600000, 0x00000000c5600000| Complete 
|1111|0x00000000c5700000, 0x00000000c5800000, 0x00000000c5800000|100%| E|CS|TAMS 0x00000000c5700000, 0x00000000c5700000| Complete 
|1112|0x00000000c5800000, 0x00000000c5900000, 0x00000000c5900000|100%| E|CS|TAMS 0x00000000c5800000, 0x00000000c5800000| Complete 
|1113|0x00000000c5900000, 0x00000000c5a00000, 0x00000000c5a00000|100%| E|CS|TAMS 0x00000000c5900000, 0x00000000c5900000| Complete 
|1114|0x00000000c5a00000, 0x00000000c5b00000, 0x00000000c5b00000|100%| E|CS|TAMS 0x00000000c5a00000, 0x00000000c5a00000| Complete 
|1115|0x00000000c5b00000, 0x00000000c5c00000, 0x00000000c5c00000|100%| E|CS|TAMS 0x00000000c5b00000, 0x00000000c5b00000| Complete 
|1116|0x00000000c5c00000, 0x00000000c5d00000, 0x00000000c5d00000|100%| E|CS|TAMS 0x00000000c5c00000, 0x00000000c5c00000| Complete 
|1117|0x00000000c5d00000, 0x00000000c5e00000, 0x00000000c5e00000|100%| E|CS|TAMS 0x00000000c5d00000, 0x00000000c5d00000| Complete 
|1118|0x00000000c5e00000, 0x00000000c5f00000, 0x00000000c5f00000|100%| E|CS|TAMS 0x00000000c5e00000, 0x00000000c5e00000| Complete 
|1119|0x00000000c5f00000, 0x00000000c6000000, 0x00000000c6000000|100%| E|CS|TAMS 0x00000000c5f00000, 0x00000000c5f00000| Complete 
|1120|0x00000000c6000000, 0x00000000c6100000, 0x00000000c6100000|100%| E|CS|TAMS 0x00000000c6000000, 0x00000000c6000000| Complete 
|1121|0x00000000c6100000, 0x00000000c6200000, 0x00000000c6200000|100%| E|CS|TAMS 0x00000000c6100000, 0x00000000c6100000| Complete 
|1122|0x00000000c6200000, 0x00000000c6300000, 0x00000000c6300000|100%| E|CS|TAMS 0x00000000c6200000, 0x00000000c6200000| Complete 
|1123|0x00000000c6300000, 0x00000000c6400000, 0x00000000c6400000|100%| E|CS|TAMS 0x00000000c6300000, 0x00000000c6300000| Complete 
|1124|0x00000000c6400000, 0x00000000c6500000, 0x00000000c6500000|100%| E|CS|TAMS 0x00000000c6400000, 0x00000000c6400000| Complete 
|1125|0x00000000c6500000, 0x00000000c6600000, 0x00000000c6600000|100%| E|CS|TAMS 0x00000000c6500000, 0x00000000c6500000| Complete 
|1126|0x00000000c6600000, 0x00000000c6700000, 0x00000000c6700000|100%| E|CS|TAMS 0x00000000c6600000, 0x00000000c6600000| Complete 
|1127|0x00000000c6700000, 0x00000000c6800000, 0x00000000c6800000|100%| E|CS|TAMS 0x00000000c6700000, 0x00000000c6700000| Complete 
|1128|0x00000000c6800000, 0x00000000c6900000, 0x00000000c6900000|100%| E|CS|TAMS 0x00000000c6800000, 0x00000000c6800000| Complete 
|1129|0x00000000c6900000, 0x00000000c6a00000, 0x00000000c6a00000|100%| E|CS|TAMS 0x00000000c6900000, 0x00000000c6900000| Complete 
|1130|0x00000000c6a00000, 0x00000000c6b00000, 0x00000000c6b00000|100%| E|CS|TAMS 0x00000000c6a00000, 0x00000000c6a00000| Complete 
|1131|0x00000000c6b00000, 0x00000000c6c00000, 0x00000000c6c00000|100%| E|CS|TAMS 0x00000000c6b00000, 0x00000000c6b00000| Complete 
|1132|0x00000000c6c00000, 0x00000000c6d00000, 0x00000000c6d00000|100%| E|CS|TAMS 0x00000000c6c00000, 0x00000000c6c00000| Complete 
|1133|0x00000000c6d00000, 0x00000000c6e00000, 0x00000000c6e00000|100%| E|CS|TAMS 0x00000000c6d00000, 0x00000000c6d00000| Complete 
|1134|0x00000000c6e00000, 0x00000000c6f00000, 0x00000000c6f00000|100%| E|CS|TAMS 0x00000000c6e00000, 0x00000000c6e00000| Complete 
|1135|0x00000000c6f00000, 0x00000000c7000000, 0x00000000c7000000|100%| E|CS|TAMS 0x00000000c6f00000, 0x00000000c6f00000| Complete 

Card table byte_map: [0x000002cceee00000,0x000002ccef200000] _byte_map_base: 0x000002cceea00000

Marking Bits (Prev, Next): (CMBitMap*) 0x000002ccd591ea90, (CMBitMap*) 0x000002ccd591ea50
 Prev Bits: [0x000002ccf1600000, 0x000002ccf3600000)
 Next Bits: [0x000002ccef600000, 0x000002ccf1600000)

Polling page: 0x000002ccd5980000

Metaspace:

Usage:
  Non-class:    172.05 MB used.
      Class:     26.93 MB used.
       Both:    198.98 MB used.

Virtual space:
  Non-class space:      192.00 MB reserved,     173.94 MB ( 91%) committed,  3 nodes.
      Class space:      416.00 MB reserved,      28.25 MB (  7%) committed,  1 nodes.
             Both:      608.00 MB reserved,     202.19 MB ( 33%) committed. 

Chunk freelists:
   Non-Class:  1.80 MB
       Class:  4.05 MB
        Both:  5.85 MB

MaxMetaspaceSize: 512.00 MB
CompressedClassSpaceSize: 416.00 MB
Initial GC threshold: 21.00 MB
Current GC threshold: 221.19 MB
CDS: on
MetaspaceReclaimPolicy: balanced
 - commit_granule_bytes: 65536.
 - commit_granule_words: 8192.
 - virtual_space_node_default_size: 8388608.
 - enlarge_chunks_in_place: 1.
 - new_chunks_are_fully_committed: 0.
 - uncommit_free_chunks: 1.
 - use_allocation_guard: 0.
 - handle_deallocations: 1.


Internal statistics:

num_allocs_failed_limit: 15.
num_arena_births: 3596.
num_arena_deaths: 188.
num_vsnodes_births: 4.
num_vsnodes_deaths: 0.
num_space_committed: 3250.
num_space_uncommitted: 17.
num_chunks_returned_to_freelist: 426.
num_chunks_taken_from_freelist: 13308.
num_chunk_merges: 130.
num_chunk_splits: 8413.
num_chunks_enlarged: 5088.
num_inconsistent_stats: 0.

CodeHeap 'non-profiled nmethods': size=119168Kb used=37384Kb max_used=37419Kb free=81783Kb
 bounds [0x000002cce66e0000, 0x000002cce8b70000, 0x000002ccedb40000]
CodeHeap 'profiled nmethods': size=119104Kb used=74280Kb max_used=74975Kb free=44824Kb
 bounds [0x000002ccdeb40000, 0x000002cce3520000, 0x000002cce5f90000]
CodeHeap 'non-nmethods': size=7488Kb used=4308Kb max_used=4417Kb free=3179Kb
 bounds [0x000002cce5f90000, 0x000002cce6400000, 0x000002cce66e0000]
 total_blobs=38747 nmethods=37566 adapters=1088
 compilation: enabled
              stopped_count=0, restarted_count=0
 full_count=0

Compilation events (20 events):
Event: 81.473 Thread 0x000002cca646ce20 nmethod 49801 0x000002cce2fa3c90 code [0x000002cce2fa3ec0, 0x000002cce2fa48a8]
Event: 81.473 Thread 0x000002cca9d06b00 49797       4       java.util.concurrent.ForkJoinPool::externalQueue (38 bytes)
Event: 81.474 Thread 0x000002ccf66e7a70 49786   !   4       com.android.tools.r8.internal.cy::a (72 bytes)
Event: 81.475 Thread 0x000002cca9d06b00 nmethod 49797 0x000002cce8970690 code [0x000002cce8970800, 0x000002cce89708f8]
Event: 81.475 Thread 0x000002cca9d06b00 49787       4       com.android.tools.r8.internal.Wp0$$Lambda$4887/0x000002cc828f2040::accept (11 bytes)
Event: 81.482 Thread 0x000002ccf66e7a70 nmethod 49786 0x000002cce896fe10 code [0x000002cce896ffe0, 0x000002cce89702d8]
Event: 81.483 Thread 0x000002ccf66e7a70 49754       4       com.android.tools.r8.internal.px$$Lambda$4868/0x000002cc828eb240::accept (13 bytes)
Event: 81.489 Thread 0x000002cca9d06b00 nmethod 49787 0x000002cce896f190 code [0x000002cce896f320, 0x000002cce896fb18]
Event: 81.489 Thread 0x000002cca9d06b00 49755       4       com.android.tools.r8.internal.jq0$$Lambda$4855/0x000002cc828ee648::a (14 bytes)
Event: 81.492 Thread 0x000002cca646c8d0 49803       1       com.android.tools.r8.graph.J0::x0 (2 bytes)
Event: 81.493 Thread 0x000002cca646c8d0 nmethod 49803 0x000002cce896ee90 code [0x000002cce896f020, 0x000002cce896f0f8]
Event: 81.499 Thread 0x000002ccf66f34a0 49806 %     3       java.util.concurrent.ForkJoinPool$WorkQueue::topLevelExec @ 8 (76 bytes)
Event: 81.501 Thread 0x000002ccf66f34a0 nmethod 49806% 0x000002cce2e9c490 code [0x000002cce2e9c6a0, 0x000002cce2e9ccb8]
Event: 81.518 Thread 0x000002cca646ce20 49807       3       java.util.concurrent.ForkJoinPool$WorkQueue::topLevelExec (76 bytes)
Event: 81.522 Thread 0x000002cca646ce20 nmethod 49807 0x000002cce2e9b990 code [0x000002cce2e9bb80, 0x000002cce2e9c0d8]
Event: 81.525 Thread 0x000002ccf66f34a0 49809       2       org.gradle.internal.serialize.InputStreamBackedDecoder::readByte (13 bytes)
Event: 81.525 Thread 0x000002cca646ce20 49810       2       org.gradle.internal.serialize.InputStreamBackedDecoder::readBytes (11 bytes)
Event: 81.525 Thread 0x000002cca646ce20 nmethod 49810 0x000002cce2fc1290 code [0x000002cce2fc1420, 0x000002cce2fc1548]
Event: 81.525 Thread 0x000002ccf66f34a0 nmethod 49809 0x000002cce2b2e910 code [0x000002cce2b2eac0, 0x000002cce2b2ecb8]
Event: 81.528 Thread 0x000002ccf66f34a0 49811       2       java.util.concurrent.ForkJoinTask::casAux (10 bytes)

GC Heap History (20 events):
Event: 79.793 GC heap before
{Heap before GC invocations=202 (full 0):
 garbage-first heap   total 928768K, used 840922K [0x0000000080000000, 0x0000000100000000)
  region size 1024K, 136 young (139264K), 8 survivors (8192K)
 Metaspace       used 203463K, committed 205952K, reserved 622592K
  class space    used 27522K, committed 28608K, reserved 425984K
}
Event: 79.799 GC heap after
{Heap after GC invocations=203 (full 0):
 garbage-first heap   total 928768K, used 710312K [0x0000000080000000, 0x0000000100000000)
  region size 1024K, 11 young (11264K), 11 survivors (11264K)
 Metaspace       used 203463K, committed 205952K, reserved 622592K
  class space    used 27522K, committed 28608K, reserved 425984K
}
Event: 79.946 GC heap before
{Heap before GC invocations=203 (full 0):
 garbage-first heap   total 928768K, used 763560K [0x0000000080000000, 0x0000000100000000)
  region size 1024K, 37 young (37888K), 11 survivors (11264K)
 Metaspace       used 204020K, committed 206528K, reserved 622592K
  class space    used 27610K, committed 28736K, reserved 425984K
}
Event: 79.952 GC heap after
{Heap after GC invocations=204 (full 0):
 garbage-first heap   total 928768K, used 734949K [0x0000000080000000, 0x0000000100000000)
  region size 1024K, 16 young (16384K), 16 survivors (16384K)
 Metaspace       used 204020K, committed 206528K, reserved 622592K
  class space    used 27610K, committed 28736K, reserved 425984K
}
Event: 80.445 GC heap before
{Heap before GC invocations=204 (full 0):
 garbage-first heap   total 928768K, used 836325K [0x0000000080000000, 0x0000000100000000)
  region size 1024K, 82 young (83968K), 16 survivors (16384K)
 Metaspace       used 204430K, committed 206912K, reserved 622592K
  class space    used 27648K, committed 28800K, reserved 425984K
}
Event: 80.456 GC heap after
{Heap after GC invocations=205 (full 0):
 garbage-first heap   total 928768K, used 764672K [0x0000000080000000, 0x0000000100000000)
  region size 1024K, 11 young (11264K), 11 survivors (11264K)
 Metaspace       used 204430K, committed 206912K, reserved 622592K
  class space    used 27648K, committed 28800K, reserved 425984K
}
Event: 80.650 GC heap before
{Heap before GC invocations=205 (full 0):
 garbage-first heap   total 928768K, used 809728K [0x0000000080000000, 0x0000000100000000)
  region size 1024K, 54 young (55296K), 11 survivors (11264K)
 Metaspace       used 204478K, committed 206976K, reserved 622592K
  class space    used 27653K, committed 28800K, reserved 425984K
}
Event: 80.662 GC heap after
{Heap after GC invocations=206 (full 0):
 garbage-first heap   total 928768K, used 778368K [0x0000000080000000, 0x0000000100000000)
  region size 1024K, 7 young (7168K), 7 survivors (7168K)
 Metaspace       used 204478K, committed 206976K, reserved 622592K
  class space    used 27653K, committed 28800K, reserved 425984K
}
Event: 80.854 GC heap before
{Heap before GC invocations=206 (full 0):
 garbage-first heap   total 928768K, used 818304K [0x0000000080000000, 0x0000000100000000)
  region size 1024K, 45 young (46080K), 7 survivors (7168K)
 Metaspace       used 205204K, committed 207680K, reserved 622592K
  class space    used 27751K, committed 28864K, reserved 425984K
}
Event: 80.865 GC heap after
{Heap after GC invocations=207 (full 0):
 garbage-first heap   total 928768K, used 793870K [0x0000000080000000, 0x0000000100000000)
  region size 1024K, 6 young (6144K), 6 survivors (6144K)
 Metaspace       used 205204K, committed 207680K, reserved 622592K
  class space    used 27751K, committed 28864K, reserved 425984K
}
Event: 80.933 GC heap before
{Heap before GC invocations=207 (full 0):
 garbage-first heap   total 928768K, used 833806K [0x0000000080000000, 0x0000000100000000)
  region size 1024K, 45 young (46080K), 6 survivors (6144K)
 Metaspace       used 205376K, committed 207808K, reserved 622592K
  class space    used 27760K, committed 28864K, reserved 425984K
}
Event: 80.944 GC heap after
{Heap after GC invocations=208 (full 0):
 garbage-first heap   total 928768K, used 814389K [0x0000000080000000, 0x0000000100000000)
  region size 1024K, 6 young (6144K), 6 survivors (6144K)
 Metaspace       used 205376K, committed 207808K, reserved 622592K
  class space    used 27760K, committed 28864K, reserved 425984K
}
Event: 81.005 GC heap before
{Heap before GC invocations=208 (full 0):
 garbage-first heap   total 928768K, used 854325K [0x0000000080000000, 0x0000000100000000)
  region size 1024K, 45 young (46080K), 6 survivors (6144K)
 Metaspace       used 205419K, committed 207872K, reserved 622592K
  class space    used 27765K, committed 28864K, reserved 425984K
}
Event: 81.018 GC heap after
{Heap after GC invocations=209 (full 0):
 garbage-first heap   total 928768K, used 835827K [0x0000000080000000, 0x0000000100000000)
  region size 1024K, 6 young (6144K), 6 survivors (6144K)
 Metaspace       used 205419K, committed 207872K, reserved 622592K
  class space    used 27765K, committed 28864K, reserved 425984K
}
Event: 81.086 GC heap before
{Heap before GC invocations=209 (full 0):
 garbage-first heap   total 928768K, used 875763K [0x0000000080000000, 0x0000000100000000)
  region size 1024K, 45 young (46080K), 6 survivors (6144K)
 Metaspace       used 205447K, committed 207872K, reserved 622592K
  class space    used 27768K, committed 28864K, reserved 425984K
}
Event: 81.099 GC heap after
{Heap after GC invocations=210 (full 0):
 garbage-first heap   total 928768K, used 857682K [0x0000000080000000, 0x0000000100000000)
  region size 1024K, 6 young (6144K), 6 survivors (6144K)
 Metaspace       used 205447K, committed 207872K, reserved 622592K
  class space    used 27768K, committed 28864K, reserved 425984K
}
Event: 81.167 GC heap before
{Heap before GC invocations=210 (full 0):
 garbage-first heap   total 928768K, used 896594K [0x0000000080000000, 0x0000000100000000)
  region size 1024K, 45 young (46080K), 6 survivors (6144K)
 Metaspace       used 205486K, committed 208000K, reserved 622592K
  class space    used 27774K, committed 28928K, reserved 425984K
}
Event: 81.180 GC heap after
{Heap after GC invocations=211 (full 0):
 garbage-first heap   total 928768K, used 879323K [0x0000000080000000, 0x0000000100000000)
  region size 1024K, 6 young (6144K), 6 survivors (6144K)
 Metaspace       used 205486K, committed 208000K, reserved 622592K
  class space    used 27774K, committed 28928K, reserved 425984K
}
Event: 81.233 GC heap before
{Heap before GC invocations=211 (full 0):
 garbage-first heap   total 928768K, used 903899K [0x0000000080000000, 0x0000000100000000)
  region size 1024K, 32 young (32768K), 6 survivors (6144K)
 Metaspace       used 205504K, committed 208000K, reserved 622592K
  class space    used 27777K, committed 28928K, reserved 425984K
}
Event: 81.246 GC heap after
{Heap after GC invocations=212 (full 0):
 garbage-first heap   total 1163264K, used 894569K [0x0000000080000000, 0x0000000100000000)
  region size 1024K, 6 young (6144K), 6 survivors (6144K)
 Metaspace       used 205504K, committed 208000K, reserved 622592K
  class space    used 27777K, committed 28928K, reserved 425984K
}

Deoptimization events (20 events):
Event: 80.991 Thread 0x000002cc9c6e73d0 DEOPT PACKING pc=0x000002cce7fc1c18 sp=0x000000f5652fa060
Event: 80.991 Thread 0x000002cc9c6e73d0 DEOPT UNPACKING pc=0x000002cce5fe23a3 sp=0x000000f5652f9f60 mode 2
Event: 81.208 Thread 0x000002ccaf141680 Uncommon trap: trap_request=0xffffff45 fr.pc=0x000002cce8a449ac relative=0x000000000000120c
Event: 81.208 Thread 0x000002ccaf141680 Uncommon trap: reason=unstable_if action=reinterpret pc=0x000002cce8a449ac method=com.android.tools.r8.dex.C.h()Lcom/android/tools/r8/graph/O2; @ 36 c2
Event: 81.208 Thread 0x000002ccaf141680 DEOPT PACKING pc=0x000002cce8a449ac sp=0x000000f5646feb50
Event: 81.208 Thread 0x000002ccaf141680 DEOPT UNPACKING pc=0x000002cce5fe23a3 sp=0x000000f5646feb10 mode 2
Event: 81.425 Thread 0x000002cca43787e0 Uncommon trap: trap_request=0xffffff45 fr.pc=0x000002cce83932bc relative=0x000000000000009c
Event: 81.425 Thread 0x000002cca43787e0 Uncommon trap: reason=unstable_if action=reinterpret pc=0x000002cce83932bc method=com.android.tools.r8.utils.w$g.b()Z @ 4 c2
Event: 81.426 Thread 0x000002cca43787e0 DEOPT PACKING pc=0x000002cce83932bc sp=0x000000f56c0fdbe0
Event: 81.426 Thread 0x000002cca43787e0 DEOPT UNPACKING pc=0x000002cce5fe23a3 sp=0x000000f56c0fdb18 mode 2
Event: 81.437 Thread 0x000002cca43787e0 Uncommon trap: trap_request=0xffffff45 fr.pc=0x000002cce6723ed4 relative=0x00000000000000b4
Event: 81.437 Thread 0x000002cca43787e0 Uncommon trap: reason=unstable_if action=reinterpret pc=0x000002cce6723ed4 method=com.android.tools.r8.utils.w$g.b()Z @ 4 c2
Event: 81.437 Thread 0x000002cca43787e0 DEOPT PACKING pc=0x000002cce6723ed4 sp=0x000000f56c0fd9d0
Event: 81.437 Thread 0x000002cca43787e0 DEOPT UNPACKING pc=0x000002cce5fe23a3 sp=0x000000f56c0fd908 mode 2
Event: 81.454 Thread 0x000002ccaf140c60 DEOPT PACKING pc=0x000002cce32ad903 sp=0x000000f56e3fef80
Event: 81.454 Thread 0x000002ccaf140c60 DEOPT UNPACKING pc=0x000002cce5fe2b43 sp=0x000000f56e3fe4d0 mode 0
Event: 81.469 Thread 0x000002cca43787e0 DEOPT PACKING pc=0x000002cce12b728d sp=0x000000f56c0fd620
Event: 81.469 Thread 0x000002cca43787e0 DEOPT UNPACKING pc=0x000002cce5fe2b43 sp=0x000000f56c0fcad8 mode 0
Event: 81.472 Thread 0x000002cca43787e0 DEOPT PACKING pc=0x000002cce33f13e7 sp=0x000000f56c0fd680
Event: 81.472 Thread 0x000002cca43787e0 DEOPT UNPACKING pc=0x000002cce5fe2b43 sp=0x000000f56c0fcb70 mode 0

Classes unloaded (20 events):
Event: 81.532 Thread 0x000002ccf66ba8c0 Unloading class 0x000002cc82650208 'com/bumptech/glide/annotation/compiler/RequestBuilderGenerator'
Event: 81.532 Thread 0x000002ccf66ba8c0 Unloading class 0x000002cc82650000 'com/bumptech/glide/annotation/compiler/GlideGenerator'
Event: 81.532 Thread 0x000002ccf66ba8c0 Unloading class 0x000002cc8264dd88 'com/bumptech/glide/annotation/compiler/RequestManagerFactoryGenerator'
Event: 81.532 Thread 0x000002ccf66ba8c0 Unloading class 0x000002cc8264db80 'com/bumptech/glide/annotation/compiler/RequestManagerGenerator'
Event: 81.532 Thread 0x000002ccf66ba8c0 Unloading class 0x000002cc8264d978 'com/bumptech/glide/annotation/compiler/RequestOptionsOverrideGenerator'
Event: 81.532 Thread 0x000002ccf66ba8c0 Unloading class 0x000002cc8264d770 'com/bumptech/glide/annotation/compiler/RequestOptionsGenerator'
Event: 81.532 Thread 0x000002ccf66ba8c0 Unloading class 0x000002cc8264d568 'com/bumptech/glide/annotation/compiler/AppModuleGenerator'
Event: 81.532 Thread 0x000002ccf66ba8c0 Unloading class 0x000002cc8264d360 'com/bumptech/glide/annotation/compiler/AppModuleProcessor'
Event: 81.532 Thread 0x000002ccf66ba8c0 Unloading class 0x000002cc8264d158 'com/bumptech/glide/annotation/compiler/LibraryModuleProcessor'
Event: 81.532 Thread 0x000002ccf66ba8c0 Unloading class 0x000002cc8264cf50 'com/bumptech/glide/annotation/compiler/IndexerGenerator'
Event: 81.532 Thread 0x000002ccf66ba8c0 Unloading class 0x000002cc8264cd50 'com/bumptech/glide/repackaged/com/squareup/javapoet/Util'
Event: 81.532 Thread 0x000002ccf66ba8c0 Unloading class 0x000002cc8264cb10 'com/bumptech/glide/repackaged/com/squareup/javapoet/TypeVariableName'
Event: 81.532 Thread 0x000002ccf66ba8c0 Unloading class 0x000002cc8264c8d0 'com/bumptech/glide/repackaged/com/squareup/javapoet/ParameterizedTypeName'
Event: 81.532 Thread 0x000002ccf66ba8c0 Unloading class 0x000002cc8264c690 'com/bumptech/glide/repackaged/com/squareup/javapoet/ArrayTypeName'
Event: 81.532 Thread 0x000002ccf66ba8c0 Unloading class 0x000002cc8264c438 'com/bumptech/glide/repackaged/com/squareup/javapoet/ClassName'
Event: 81.532 Thread 0x000002ccf66ba8c0 Unloading class 0x000002cc8264c1f8 'com/bumptech/glide/repackaged/com/squareup/javapoet/TypeName'
Event: 81.532 Thread 0x000002ccf66ba8c0 Unloading class 0x000002cc8264c000 'com/bumptech/glide/repackaged/com/google/common/base/Function'
Event: 81.532 Thread 0x000002ccf66ba8c0 Unloading class 0x000002cc82598488 'com/bumptech/glide/repackaged/com/google/common/base/Predicate'
Event: 81.532 Thread 0x000002ccf66ba8c0 Unloading class 0x000002cc82598280 'com/bumptech/glide/annotation/compiler/ProcessorUtil'
Event: 81.532 Thread 0x000002ccf66ba8c0 Unloading class 0x000002cc82598000 'com/bumptech/glide/annotation/compiler/GlideAnnotationProcessor'

Classes redefined (0 events):
No events

Internal exceptions (20 events):
Event: 79.912 Thread 0x000002cc9c6e73d0 Exception <a 'sun/nio/fs/WindowsException'{0x00000000b8129ab8}> (0x00000000b8129ab8) 
thrown [s\open\src\hotspot\share\prims\jni.cpp, line 516]
Event: 79.912 Thread 0x000002cc9c6e73d0 Exception <a 'sun/nio/fs/WindowsException'{0x00000000b8129da8}> (0x00000000b8129da8) 
thrown [s\open\src\hotspot\share\prims\jni.cpp, line 516]
Event: 79.912 Thread 0x000002cc9c6e73d0 Exception <a 'sun/nio/fs/WindowsException'{0x00000000b812c5e8}> (0x00000000b812c5e8) 
thrown [s\open\src\hotspot\share\prims\jni.cpp, line 516]
Event: 79.912 Thread 0x000002cc9c6e73d0 Exception <a 'sun/nio/fs/WindowsException'{0x00000000b812c8f8}> (0x00000000b812c8f8) 
thrown [s\open\src\hotspot\share\prims\jni.cpp, line 516]
Event: 79.913 Thread 0x000002cc9c6e73d0 Exception <a 'sun/nio/fs/WindowsException'{0x00000000b8130678}> (0x00000000b8130678) 
thrown [s\open\src\hotspot\share\prims\jni.cpp, line 516]
Event: 79.913 Thread 0x000002cc9c6e73d0 Exception <a 'sun/nio/fs/WindowsException'{0x00000000b81308e0}> (0x00000000b81308e0) 
thrown [s\open\src\hotspot\share\prims\jni.cpp, line 516]
Event: 79.913 Thread 0x000002cc9c6e73d0 Exception <a 'sun/nio/fs/WindowsException'{0x00000000b8132b98}> (0x00000000b8132b98) 
thrown [s\open\src\hotspot\share\prims\jni.cpp, line 516]
Event: 79.913 Thread 0x000002cc9c6e73d0 Exception <a 'sun/nio/fs/WindowsException'{0x00000000b8132e28}> (0x00000000b8132e28) 
thrown [s\open\src\hotspot\share\prims\jni.cpp, line 516]
Event: 79.914 Thread 0x000002cc9c6e73d0 Exception <a 'sun/nio/fs/WindowsException'{0x00000000b8177358}> (0x00000000b8177358) 
thrown [s\open\src\hotspot\share\prims\jni.cpp, line 516]
Event: 79.914 Thread 0x000002cc9c6e73d0 Exception <a 'sun/nio/fs/WindowsException'{0x00000000b8177608}> (0x00000000b8177608) 
thrown [s\open\src\hotspot\share\prims\jni.cpp, line 516]
Event: 79.915 Thread 0x000002cc9c6e73d0 Exception <a 'sun/nio/fs/WindowsException'{0x00000000b8179e30}> (0x00000000b8179e30) 
thrown [s\open\src\hotspot\share\prims\jni.cpp, line 516]
Event: 79.915 Thread 0x000002cc9c6e73d0 Exception <a 'sun/nio/fs/WindowsException'{0x00000000b817a100}> (0x00000000b817a100) 
thrown [s\open\src\hotspot\share\prims\jni.cpp, line 516]
Event: 79.920 Thread 0x000002cc9c6e73d0 Exception <a 'sun/nio/fs/WindowsException'{0x00000000b817ded0}> (0x00000000b817ded0) 
thrown [s\open\src\hotspot\share\prims\jni.cpp, line 516]
Event: 79.920 Thread 0x000002cc9c6e73d0 Exception <a 'sun/nio/fs/WindowsException'{0x00000000b817e1c0}> (0x00000000b817e1c0) 
thrown [s\open\src\hotspot\share\prims\jni.cpp, line 516]
Event: 79.920 Thread 0x000002cc9c6e73d0 Exception <a 'sun/nio/fs/WindowsException'{0x00000000b8180a00}> (0x00000000b8180a00) 
thrown [s\open\src\hotspot\share\prims\jni.cpp, line 516]
Event: 79.920 Thread 0x000002cc9c6e73d0 Exception <a 'sun/nio/fs/WindowsException'{0x00000000b8180d10}> (0x00000000b8180d10) 
thrown [s\open\src\hotspot\share\prims\jni.cpp, line 516]
Event: 80.821 Thread 0x000002cca8238750 Exception <a 'java/lang/NoSuchMethodError'{0x00000000b697b190}: 'long java.lang.invoke.DirectMethodHandle$Holder.invokeStatic(java.lang.Object, java.lang.Object, java.lang.Object)'> (0x00000000b697b190) 
thrown [s\open\src\hotspot\share\interpreter\linkResolver.cpp, line 759]
Event: 80.821 Thread 0x000002ccb1a01de0 Exception <a 'java/lang/NoSuchMethodError'{0x00000000b69c3318}: 'long java.lang.invoke.DirectMethodHandle$Holder.invokeStatic(java.lang.Object, java.lang.Object, java.lang.Object)'> (0x00000000b69c3318) 
thrown [s\open\src\hotspot\share\interpreter\linkResolver.cpp, line 759]
Event: 80.825 Thread 0x000002cc9c6e73d0 Exception <a 'java/lang/NoSuchMethodError'{0x00000000b6865110}: 'java.lang.Object java.lang.invoke.DirectMethodHandle$Holder.invokeSpecial(java.lang.Object, java.lang.Object, java.lang.Object, java.lang.Object, long)'> (0x00000000b6865110) 
thrown [s\open\src\hotspot\share\interpreter\linkResolver.cpp, line 759]
Event: 80.831 Thread 0x000002cc9c6e73d0 Exception <a 'java/lang/NoSuchMethodError'{0x00000000b6869490}: 'java.lang.Object java.lang.invoke.Invokers$Holder.linkToTargetMethod(java.lang.Object, java.lang.Object, long, java.lang.Object)'> (0x00000000b6869490) 
thrown [s\open\src\hotspot\share\interpreter\linkResolver.cpp, line 759]

VM Operations (20 events):
Event: 80.831 Executing VM operation: HandshakeAllThreads done
Event: 80.835 Executing VM operation: HandshakeAllThreads
Event: 80.836 Executing VM operation: HandshakeAllThreads done
Event: 80.846 Executing VM operation: HandshakeAllThreads
Event: 80.847 Executing VM operation: HandshakeAllThreads done
Event: 80.854 Executing VM operation: G1CollectForAllocation
Event: 80.865 Executing VM operation: G1CollectForAllocation done
Event: 80.898 Executing VM operation: HandshakeAllThreads
Event: 80.899 Executing VM operation: HandshakeAllThreads done
Event: 80.933 Executing VM operation: G1CollectForAllocation
Event: 80.945 Executing VM operation: G1CollectForAllocation done
Event: 81.005 Executing VM operation: G1CollectForAllocation
Event: 81.021 Executing VM operation: G1CollectForAllocation done
Event: 81.085 Executing VM operation: G1CollectForAllocation
Event: 81.099 Executing VM operation: G1CollectForAllocation done
Event: 81.167 Executing VM operation: G1CollectForAllocation
Event: 81.181 Executing VM operation: G1CollectForAllocation done
Event: 81.232 Executing VM operation: G1CollectForAllocation
Event: 81.246 Executing VM operation: G1CollectForAllocation done
Event: 81.529 Executing VM operation: G1Concurrent

Events (20 events):
Event: 80.810 loading class java/util/concurrent/ForkJoinPool$DefaultForkJoinWorkerThreadFactory$1
Event: 80.810 loading class java/util/concurrent/ForkJoinPool$DefaultForkJoinWorkerThreadFactory$1 done
Event: 80.810 Thread 0x000002cca3708800 Thread added: 0x000002cca3708800
Event: 80.811 Thread 0x000002ccaf141680 Thread added: 0x000002ccaf141680
Event: 80.811 Thread 0x000002ccaa11cc10 Thread added: 0x000002ccaa11cc10
Event: 80.812 Thread 0x000002ccfe29b600 Thread added: 0x000002ccfe29b600
Event: 80.812 Thread 0x000002cca7e258f0 Thread added: 0x000002cca7e258f0
Event: 80.812 Thread 0x000002ccaa11db40 Thread added: 0x000002ccaa11db40
Event: 80.813 Thread 0x000002ccfe29b0f0 Thread added: 0x000002ccfe29b0f0
Event: 80.813 Thread 0x000002ccaf140c60 Thread added: 0x000002ccaf140c60
Event: 80.814 Thread 0x000002cca8238c60 Thread added: 0x000002cca8238c60
Event: 80.814 Thread 0x000002cca8238750 Thread added: 0x000002cca8238750
Event: 80.815 Thread 0x000002ccaf413b60 Thread added: 0x000002ccaf413b60
Event: 80.816 Thread 0x000002cca89a53d0 Thread added: 0x000002cca89a53d0
Event: 80.817 Thread 0x000002cca4b0b510 Thread added: 0x000002cca4b0b510
Event: 80.817 Thread 0x000002ccfe4384e0 Thread added: 0x000002ccfe4384e0
Event: 80.818 Thread 0x000002cca68ba310 Thread added: 0x000002cca68ba310
Event: 80.819 Thread 0x000002ccb1a01de0 Thread added: 0x000002ccb1a01de0
Event: 80.824 loading class java/nio/HeapShortBuffer
Event: 80.825 loading class java/nio/HeapShortBuffer done


Dynamic libraries:
0x00007ff6011d0000 - 0x00007ff6011e0000 	C:\Program Files\Java\jdk-17\bin\java.exe
0x00007ff97c9c0000 - 0x00007ff97cc22000 	C:\WINDOWS\SYSTEM32\ntdll.dll
0x00007ff97c1f0000 - 0x00007ff97c2b7000 	C:\WINDOWS\System32\KERNEL32.DLL
0x00007ff979f50000 - 0x00007ff97a2f0000 	C:\WINDOWS\System32\KERNELBASE.dll
0x00007ff97a3e0000 - 0x00007ff97a52c000 	C:\WINDOWS\System32\ucrtbase.dll
0x00007ff929280000 - 0x00007ff929299000 	C:\Program Files\Java\jdk-17\bin\jli.dll
0x00007ff929260000 - 0x00007ff92927b000 	C:\Program Files\Java\jdk-17\bin\VCRUNTIME140.dll
0x00007ff97ba70000 - 0x00007ff97bb22000 	C:\WINDOWS\System32\ADVAPI32.dll
0x00007ff97aad0000 - 0x00007ff97ab79000 	C:\WINDOWS\System32\msvcrt.dll
0x00007ff97c6c0000 - 0x00007ff97c767000 	C:\WINDOWS\System32\sechost.dll
0x00007ff97c830000 - 0x00007ff97c946000 	C:\WINDOWS\System32\RPCRT4.dll
0x00007ff97a840000 - 0x00007ff97aa02000 	C:\WINDOWS\System32\USER32.dll
0x00007ff97a3b0000 - 0x00007ff97a3d7000 	C:\WINDOWS\System32\win32u.dll
0x00007ff97c800000 - 0x00007ff97c82a000 	C:\WINDOWS\System32\GDI32.dll
0x00007ff97a5f0000 - 0x00007ff97a711000 	C:\WINDOWS\System32\gdi32full.dll
0x00007ff9613c0000 - 0x00007ff961650000 	C:\WINDOWS\WinSxS\amd64_microsoft.windows.common-controls_6595b64144ccf1df_6.0.26100.712_none_4446894f1c2e6cc3\COMCTL32.dll
0x00007ff97a300000 - 0x00007ff97a3a3000 	C:\WINDOWS\System32\msvcp_win.dll
0x00007ff972f90000 - 0x00007ff972f9b000 	C:\WINDOWS\SYSTEM32\VERSION.dll
0x00007ff97aa90000 - 0x00007ff97aabf000 	C:\WINDOWS\System32\IMM32.DLL
0x00007ff968f10000 - 0x00007ff968f1c000 	C:\Program Files\Java\jdk-17\bin\vcruntime140_1.dll
0x00007ff9291d0000 - 0x00007ff92925e000 	C:\Program Files\Java\jdk-17\bin\msvcp140.dll
0x00007ff9262a0000 - 0x00007ff926e81000 	C:\Program Files\Java\jdk-17\bin\server\jvm.dll
0x00007ff97c770000 - 0x00007ff97c778000 	C:\WINDOWS\System32\PSAPI.DLL
0x00007ff96bd60000 - 0x00007ff96bd96000 	C:\WINDOWS\SYSTEM32\WINMM.dll
0x00007ff968ee0000 - 0x00007ff968eea000 	C:\WINDOWS\SYSTEM32\WSOCK32.dll
0x00007ff97aa10000 - 0x00007ff97aa84000 	C:\WINDOWS\System32\WS2_32.dll
0x00007ff978d70000 - 0x00007ff978d8a000 	C:\WINDOWS\SYSTEM32\kernel.appcore.dll
0x00007ff953820000 - 0x00007ff95382a000 	C:\Program Files\Java\jdk-17\bin\jimage.dll
0x00007ff971ea0000 - 0x00007ff9720e1000 	C:\WINDOWS\SYSTEM32\DBGHELP.DLL
0x00007ff97c2c0000 - 0x00007ff97c635000 	C:\WINDOWS\System32\combase.dll
0x00007ff97c110000 - 0x00007ff97c1e6000 	C:\WINDOWS\System32\OLEAUT32.dll
0x00007ff9561e0000 - 0x00007ff956219000 	C:\WINDOWS\SYSTEM32\dbgcore.DLL
0x00007ff97a7a0000 - 0x00007ff97a839000 	C:\WINDOWS\System32\bcryptPrimitives.dll
0x00007ff94dab0000 - 0x00007ff94dabe000 	C:\Program Files\Java\jdk-17\bin\instrument.dll
0x00007ff9291a0000 - 0x00007ff9291c5000 	C:\Program Files\Java\jdk-17\bin\java.dll
0x00007ff928f50000 - 0x00007ff929027000 	C:\Program Files\Java\jdk-17\bin\jsvml.dll
0x00007ff97b090000 - 0x00007ff97b782000 	C:\WINDOWS\System32\SHELL32.dll
0x00007ff977bf0000 - 0x00007ff978414000 	C:\WINDOWS\SYSTEM32\windows.storage.dll
0x00007ff97afb0000 - 0x00007ff97b083000 	C:\WINDOWS\System32\SHCORE.dll
0x00007ff97c660000 - 0x00007ff97c6bd000 	C:\WINDOWS\System32\shlwapi.dll
0x00007ff979cf0000 - 0x00007ff979d14000 	C:\WINDOWS\SYSTEM32\profapi.dll
0x00007ff929140000 - 0x00007ff929158000 	C:\Program Files\Java\jdk-17\bin\zip.dll
0x00007ff929180000 - 0x00007ff929199000 	C:\Program Files\Java\jdk-17\bin\net.dll
0x00007ff9758a0000 - 0x00007ff9759c6000 	C:\WINDOWS\SYSTEM32\WINHTTP.dll
0x00007ff979210000 - 0x00007ff979278000 	C:\WINDOWS\system32\mswsock.dll
0x00007ff929160000 - 0x00007ff929176000 	C:\Program Files\Java\jdk-17\bin\nio.dll
0x00007ff9525a0000 - 0x00007ff9525b0000 	C:\Program Files\Java\jdk-17\bin\verify.dll
0x00007ff9290a0000 - 0x00007ff9290c7000 	C:\Users\Administrator\.gradle\native\1def1411415f61bf3af743bc5b6707747c0891f09f0c88961ee8f79bc544acac\windows-amd64\native-platform.dll
0x00007ff909290000 - 0x00007ff909308000 	C:\Users\Administrator\.gradle\native\0.2.7\x86_64-windows-gnu\gradle-fileevents.dll
0x00007ff953690000 - 0x00007ff95369a000 	C:\Program Files\Java\jdk-17\bin\management.dll
0x00007ff952de0000 - 0x00007ff952deb000 	C:\Program Files\Java\jdk-17\bin\management_ext.dll
0x00007ff978710000 - 0x00007ff978740000 	C:\WINDOWS\SYSTEM32\IPHLPAPI.DLL
0x00007ff97c100000 - 0x00007ff97c10a000 	C:\WINDOWS\System32\NSI.dll
0x00007ff975f10000 - 0x00007ff975f2e000 	C:\WINDOWS\SYSTEM32\dhcpcsvc6.DLL
0x00007ff9757d0000 - 0x00007ff9757f5000 	C:\WINDOWS\SYSTEM32\dhcpcsvc.DLL
0x00007ff9787a0000 - 0x00007ff9788be000 	C:\WINDOWS\SYSTEM32\DNSAPI.dll
0x00007ff9795c0000 - 0x00007ff9795dc000 	C:\WINDOWS\SYSTEM32\CRYPTSP.dll
0x00007ff978cd0000 - 0x00007ff978d08000 	C:\WINDOWS\system32\rsaenh.dll
0x00007ff9792b0000 - 0x00007ff9792db000 	C:\WINDOWS\SYSTEM32\USERENV.dll
0x00007ff979740000 - 0x00007ff979766000 	C:\WINDOWS\SYSTEM32\bcrypt.dll
0x00007ff979430000 - 0x00007ff97943c000 	C:\WINDOWS\SYSTEM32\CRYPTBASE.dll
0x00007ff952c30000 - 0x00007ff952c3e000 	C:\Program Files\Java\jdk-17\bin\sunmscapi.dll
0x00007ff979dd0000 - 0x00007ff979f46000 	C:\WINDOWS\System32\CRYPT32.dll
0x00007ff979700000 - 0x00007ff979730000 	C:\WINDOWS\SYSTEM32\ncrypt.dll
0x00007ff9796b0000 - 0x00007ff9796ef000 	C:\WINDOWS\SYSTEM32\NTASN1.dll
0x00007ff952aa0000 - 0x00007ff952aa8000 	C:\WINDOWS\system32\wshunix.dll
0x00007ff952ab0000 - 0x00007ff952ac8000 	C:\WINDOWS\system32\napinsp.dll
0x00007ff94b8d0000 - 0x00007ff94b8e2000 	C:\WINDOWS\System32\winrnr.dll
0x00007ff953830000 - 0x00007ff953852000 	C:\WINDOWS\system32\nlansp_c.dll
0x00007ff94b8b0000 - 0x00007ff94b8c6000 	C:\WINDOWS\system32\wshbth.dll
0x00007ff968f90000 - 0x00007ff968f9b000 	C:\Windows\System32\rasadhlp.dll
0x00007ff973100000 - 0x00007ff973186000 	C:\WINDOWS\System32\fwpuclnt.dll
0x00007ff9778d0000 - 0x00007ff977905000 	C:\WINDOWS\SYSTEM32\ntmarta.dll
0x00007ff976ea0000 - 0x00007ff976ea7000 	C:\Program Files\Java\jdk-17\bin\rmi.dll

dbghelp: loaded successfully - version: 4.0.5 - missing functions: none
symbol engine: initialized successfully - sym options: 0x614 - pdb path: .;C:\Program Files\Java\jdk-17\bin;C:\WINDOWS\SYSTEM32;C:\WINDOWS\WinSxS\amd64_microsoft.windows.common-controls_6595b64144ccf1df_6.0.26100.712_none_4446894f1c2e6cc3;C:\Program Files\Java\jdk-17\bin\server;C:\Users\Administrator\.gradle\native\1def1411415f61bf3af743bc5b6707747c0891f09f0c88961ee8f79bc544acac\windows-amd64;C:\Users\Administrator\.gradle\native\0.2.7\x86_64-windows-gnu

VM Arguments:
jvm_args: --add-opens=java.base/java.lang=ALL-UNNAMED --add-opens=java.base/java.lang.invoke=ALL-UNNAMED --add-opens=java.base/java.util=ALL-UNNAMED --add-opens=java.prefs/java.util.prefs=ALL-UNNAMED --add-exports=jdk.compiler/com.sun.tools.javac.api=ALL-UNNAMED --add-exports=jdk.compiler/com.sun.tools.javac.util=ALL-UNNAMED --add-opens=java.base/java.util=ALL-UNNAMED --add-opens=java.prefs/java.util.prefs=ALL-UNNAMED --add-opens=java.base/java.nio.charset=ALL-UNNAMED --add-opens=java.base/java.net=ALL-UNNAMED --add-opens=java.base/java.util.concurrent.atomic=ALL-UNNAMED --add-opens=java.xml/javax.xml.namespace=ALL-UNNAMED -XX:MaxMetaspaceSize=512m -Xmx2048m -Dfile.encoding=windows-1252 -Duser.country=US -Duser.language=en -Duser.variant -javaagent:C:\Users\Administrator\.gradle\wrapper\dists\gradle-8.13-bin\5xuhj0ry160q40clulazy9h7d\gradle-8.13\lib\agents\gradle-instrumentation-agent-8.13.jar 
java_command: org.gradle.launcher.daemon.bootstrap.GradleDaemon 8.13
java_class_path (initial): C:\Users\Administrator\.gradle\wrapper\dists\gradle-8.13-bin\5xuhj0ry160q40clulazy9h7d\gradle-8.13\lib\gradle-daemon-main-8.13.jar
Launcher Type: SUN_STANDARD

[Global flags]
     intx CICompilerCount                          = 12                                        {product} {ergonomic}
   size_t CompressedClassSpaceSize                 = 436207616                                 {product} {ergonomic}
     uint ConcGCThreads                            = 3                                         {product} {ergonomic}
     uint G1ConcRefinementThreads                  = 13                                        {product} {ergonomic}
   size_t G1HeapRegionSize                         = 1048576                                   {product} {ergonomic}
    uintx GCDrainStackTargetSize                   = 64                                        {product} {ergonomic}
   size_t InitialHeapSize                          = 266338304                                 {product} {ergonomic}
   size_t MarkStackSize                            = 4194304                                   {product} {ergonomic}
   size_t MaxHeapSize                              = 2147483648                                {product} {command line}
   size_t MaxMetaspaceSize                         = 536870912                                 {product} {command line}
   size_t MaxNewSize                               = 1287651328                                {product} {ergonomic}
   size_t MinHeapDeltaBytes                        = 1048576                                   {product} {ergonomic}
   size_t MinHeapSize                              = 8388608                                   {product} {ergonomic}
    uintx NonNMethodCodeHeapSize                   = 7602480                                {pd product} {ergonomic}
    uintx NonProfiledCodeHeapSize                  = 122027880                              {pd product} {ergonomic}
    uintx ProfiledCodeHeapSize                     = 122027880                              {pd product} {ergonomic}
    uintx ReservedCodeCacheSize                    = 251658240                              {pd product} {ergonomic}
     bool SegmentedCodeCache                       = true                                      {product} {ergonomic}
   size_t SoftMaxHeapSize                          = 2147483648                             {manageable} {ergonomic}
     bool UseCompressedClassPointers               = true                           {product lp64_product} {ergonomic}
     bool UseCompressedOops                        = true                           {product lp64_product} {ergonomic}
     bool UseG1GC                                  = true                                      {product} {ergonomic}
     bool UseLargePagesIndividualAllocation        = false                                  {pd product} {ergonomic}

Logging:
Log output configuration:
 #0: stdout all=warning uptime,level,tags
 #1: stderr all=off uptime,level,tags

Environment Variables:
JAVA_HOME=C:\Program Files\Java\jdk-17
CLASSPATH=C:\Projects\coro-jovem-amisadai-app\android\\gradle\wrapper\gradle-wrapper.jar
PATH=C:\Users\ADMINI~1\AppData\Local\Temp\yarn--1751832630258-0.2880138581542664;C:\Projects\coro-jovem-amisadai-app\node_modules\.bin;C:\Users\Administrator\AppData\Local\Yarn\Data\link\node_modules\.bin;C:\Users\Administrator\AppData\Local\Yarn\bin;C:\nvm4w\libexec\lib\node_modules\npm\bin\node-gyp-bin;C:\nvm4w\lib\node_modules\npm\bin\node-gyp-bin;C:\nvm4w\nodejs\node_modules\npm\bin\node-gyp-bin;C:\Users\Administrator\bin;C:\Program Files\Git\mingw64\bin;C:\Program Files\Git\usr\local\bin;C:\Program Files\Git\usr\bin;C:\Program Files\Git\usr\bin;C:\Program Files\Git\mingw64\bin;C:\Program Files\Git\usr\bin;C:\Users\Administrator\bin;C:\Program Files\Common Files\Oracle\Java\javapath;C:\WINDOWS\system32;C:\WINDOWS;C:\WINDOWS\System32\Wbem;C:\WINDOWS\System32\WindowsPowerShell\v1.0;C:\WINDOWS\System32\OpenSSH;C:\Program Files (x86)\NVIDIA Corporation\PhysX\Common;C:\Program Files\Git\cmd;C:\Program Files\NVIDIA Corporation\NVIDIA NvDLISR;C:\Users\Administrator\AppData\Local\nvm;C:\nvm4w\nodejs;C:\Program Files\nodejs;C:\ProgramData\chocolatey\bin;C:\Android\Sdk\platform-tools;C:\Android\Sdk\emulator;C:\Android\Sdk\tools\bin;C:\Android\Sdk\tools;C:\Program Files\Java\jdk-17\bin;C:\Users\Administrator\AppData\Local\Microsoft\WindowsApps;C:\Users\Administrator\AppData\Local\Programs\Microsoft VS Code\bin;C:\Users\Administrator\AppData\Local\GitHubDesktop\bin;C:\Users\Administrator\AppData\Local\nvm;C:\nvm4w\nodejs;C:\Users\Administrator\AppData\Roaming\npm;C:\Android\Sdk\emulator;C:\Android\Sdk\platform-tools;C:\Android\Sdk\tools;C:\Android\Sdk\tools\bin;C:\Program Files\Java\jdk-17\bin;C:\Users\Administrator\AppData\Roaming\Programs\Zero Install;C:\Users\Administrator\AppData\Roaming\Code\User\globalStorage\github.copilot-chat\debugCommand;C:\Program Files\Git\usr\bin\vendor_perl;C:\Program Files\Git\usr\bin\core_perl
USERNAME=Administrator
SHELL=C:\Program Files\Git\usr\bin\bash.exe
DISPLAY=needs-to-be-defined
LANG=en_US.UTF-8
OS=Windows_NT
PROCESSOR_IDENTIFIER=AMD64 Family 25 Model 80 Stepping 0, AuthenticAMD



---------------  S Y S T E M  ---------------

OS:
 Windows 11 , 64 bit Build 26100 (10.0.26100.1301)
OS uptime: 0 days 0:31 hours
Hyper-V role detected

CPU: total 16 (initial active 16) (16 cores per cpu, 2 threads per core) family 25 model 80 stepping 0 microcode 0xa50000f, cx8, cmov, fxsr, ht, mmx, 3dnowpref, sse, sse2, sse3, ssse3, sse4a, sse4.1, sse4.2, popcnt, lzcnt, tsc, tscinvbit, avx, avx2, aes, erms, clmul, bmi1, bmi2, adx, sha, fma, vzeroupper, clflush, clflushopt, hv

Memory: 4k page, system-wide physical 16236M (1663M free)
TotalPageFile size 20332M (AvailPageFile size 124M)
current process WorkingSet (physical memory assigned to process): 1618M, peak: 1668M
current process commit charge ("private bytes"): 1894M, peak: 2214M

vm_info: Java HotSpot(TM) 64-Bit Server VM (17.0.14+8-LTS-191) for windows-amd64 JRE (17.0.14+8-LTS-191), built on Dec  3 2024 11:07:59 by "mach5one" with MS VC++ 17.6 (VS2022)

END.
